CAS,pubchem_cid,chebi_id,preferred_name,iupac_name,molecular_formula,molecular_weight,isomeric_smiles,canonical_smiles,inchi,inchikey,xlogp,tpsa,synonyms
362-07-2,66414,CHEBI:28955,2-Methoxyestradiol,"(8R,9S,13S,14S,17S)-2-methoxy-13-methyl-6,7,8,9,11,12,14,15,16,17-decahydrocyclopenta[a]phenanthrene-3,17-diol",C19H26O3,302.4,,,"InChI=1S/C19H26O3/c1-19-8-7-12-13(15(19)5-6-18(19)21)4-3-11-9-16(20)17(22-2)10-14(11)12/h9-10,12-13,15,18,20-21H,3-8H2,1-2H3/t12-,13+,15-,18-,19-/m0/s1",CQOQDQWUFQDJMK-SSTWWWIQSA-N,4,49.7,"2-Methoxyestradiol | 362-07-2 | Panzem | 2-Methoxyestradiol-17beta | 2-ME2 | 2-Hydroxyestradol 2-methyl ether | 2ME2 | 2-methoxy-17beta-estradiol | 2-methoxyoestradiol | (17beta)-2-Methoxyestra-1,3,5(10)-triene-3,17-diol | NSC-659853 | 2-Methoxyestra-1,3,5(10)-triene-3,17beta-diol | 6I2QW73SR5 | DTXSID3040938 | Estra-1,3,5(10)-triene-3,17-diol, 2-methoxy-, (17beta)- | 2-methoxy-estra-1,3,5(10)-triene-3,17beta-diol | (8R,9S,13S,14S,17S)-2-methoxy-13-methyl-6,7,8,9,11,12,14,15,16,17-decahydrocyclopenta[a]phenanthrene-3,17-diol | CHEBI:28955 | 2 Methoxyestradiol | 2 Methoxyoestradiol"
945595-80-2,24856041,,N-(4-((3-(2-Amino-4-pyrimidinyl)-2-pyridinyl)oxy)phenyl)-4-(4-methyl-2-thienyl)-1-phthalazinamine,N-[4-[[3-(2-aminopyrimidin-4-yl)-2-pyridinyl]oxy]phenyl]-4-(4-methylthiophen-2-yl)phthalazin-1-amine,C28H21N7OS,503.6,,,"InChI=1S/C28H21N7OS/c1-17-15-24(37-16-17)25-20-5-2-3-6-21(20)26(35-34-25)32-18-8-10-19(11-9-18)36-27-22(7-4-13-30-27)23-12-14-31-28(29)33-23/h2-16H,1H3,(H,32,35)(H2,29,31,33)",IVUGFMLRJOCGAS-UHFFFAOYSA-N,5.1,140,"AMG-900 | 945595-80-2 | N-(4-(3-(2-aminopyrimidin-4-yl)pyridin-2-yloxy)phenyl)-4-(4-methylthiophen-2-yl)phthalazin-1-amine | N-[4-[3-(2-aminopyrimidin-4-yl)pyridin-2-yl]oxyphenyl]-4-(4-methylthiophen-2-yl)phthalazin-1-amine | 9R2G075611 | DTXSID90241526 | N-(4-((3-(2-amino-4-pyrimidinyl)-2-pyridinyl)oxy)phenyl)-4-(4-methyl-2-thienyl)-1-phthalazinamine | 1-PHTHALAZINAMINE, N-(4-((3-(2-AMINO-4-PYRIMIDINYL)-2-PYRIDINYL)OXY)PHENYL)-4-(4-METHYL-2-THIENYL)- | N-(4-(3-(2-aminopyrimidin-4-yl)pyridin-2-yl)oxyphenyl)-4-(4-methylthiophen-2-yl)phthalazin-1-amine | RefChem:111931 | DTXCID20164017 | AMG 900 | AMG900 | N-(4-((3-(2-aminopyrimidin-4-yl)pyridin-2-yl)oxy)phenyl)-4-(4-methylthiophen-2-yl)phthalazin-1-amine | N-(4-{[3-(2-aminopyrimidin-4-yl)pyridin-2-yl]oxy}phenyl)-4-(4-methylthiophen-2-yl)phthalazin-1-amine | C28H21N7OS | IVUGFMLRJOCGAS-UHFFFAOYSA-N | UNII-9R2G075611 | N-(4-([3-(2-Aminopyrimidin-4-yl)pyridin-2-yl]oxy)phenyl)-4-(4-methylthiophen-2-yl)phthalazin-1-amine | MFCD18633194"
935881-37-1,6918848,CHEBI:188197,Ar-42,N-hydroxy-4-[[(2S)-3-methyl-2-phenylbutanoyl]amino]benzamide,C18H20N2O3,312.4,,,"InChI=1S/C18H20N2O3/c1-12(2)16(13-6-4-3-5-7-13)18(22)19-15-10-8-14(9-11-15)17(21)20-23/h3-12,16,23H,1-2H3,(H,19,22)(H,20,21)/t16-/m0/s1",LAMIXXKAWNLXOC-INIZCTEOSA-N,2.8,78.4,"AR-42 | 935881-37-1 | (S)-HDAC-42 | (S)-N-Hydroxy-4-(3-methyl-2-phenylbutanamido)benzamide | OSU-HDAC42 | HDAC-42 | (S)-HDAC 42 | AR 42 | OSU-HDAC 42 | E0GG29V0AQ | Rec-2282 | N-hydroxy-4-[[(2S)-3-methyl-2-phenylbutanoyl]amino]benzamide | N-hydroxy-4-[(2S)-3-methyl-2-phenylbutanamido]benzamide | N-Hydroxy-4-(3-methyl-2-(S)phenyl-butyrylamino)benzamide | DTXSID4042678 | (S)-(+)-N-Hydroxy-4-(3-methyl-2-phenyl-butyrylamino)-benzamide | Benzeneacetamide, N-(4-((hydroxyamino)carbonyl)phenyl)-alpha-(1-methylethyl)-, (alphaS)- | BENZENEACETAMIDE, N-(4-((HYDROXYAMINO)CARBONYL)PHENYL)-.ALPHA.-(1-METHYLETHYL)-, (.ALPHA.S)- | N-hydroxy-4-((2S)-3-methyl-2-phenylbutanamido)benzamide | N-hydroxy-4-(((2S)-3-methyl-2-phenylbutanoyl)amino)benzamide"
896466-04-9,135398495,CHEBI:125514,At-9283,1-cyclopropyl-3-[5-[6-(morpholin-4-ylmethyl)-1H-benzimidazol-2-yl]-1H-pyrazol-4-yl]urea,C19H23N7O2,381.4,,,"InChI=1S/C19H23N7O2/c27-19(21-13-2-3-13)24-16-10-20-25-17(16)18-22-14-4-1-12(9-15(14)23-18)11-26-5-7-28-8-6-26/h1,4,9-10,13H,2-3,5-8,11H2,(H,20,25)(H,22,23)(H2,21,24,27)",LOLPPWBBNUVNQZ-UHFFFAOYSA-N,0.5,111,"896466-04-9 | AT9283 | AT-9283 | AT 9283 | XAV9KYN9WL | AT 9283 [WHO-DD] | Urea, N-cyclopropyl-N'-(3-(6-(4-morpholinylmethyl)-1H-benzimidazol-2-yl)-1H-pyrazol-4-yl)- | 1-cyclopropyl-3-[(3Z)-3-[5-(morpholin-4-ylmethyl)benzimidazol-2-ylidene]-1,2-dihydropyrazol-4-yl]urea | 1-cyclopropyl-3-((3Z)-3-(5-(morpholin-4-ylmethyl)benzimidazol-2-ylidene)-1,2-dihydropyrazol-4-yl)urea | RefChem:560290 | Multikinase Inhibitor AT9283 | Aurora kinase inhibitor AT9283 | 1133385-83-7 | 1-Cyclopropyl-3-(3-(5-(morpholinomethyl)-1H-benzo[d]imidazol-2-yl)-1H-pyrazol-4-yl)urea | AT-9283 free base | MFCD12031513 | AT 9283, (2S)-2-hydroxy-propanoic acid salt | 1-cyclopropyl-3-[5-[6-(morpholin-4-ylmethyl)-1H-benzimidazol-2-yl]-1H-pyrazol-4-yl]urea | 1-Cyclopropyl-3-{3-[5-(Morpholin-4-Ylmethyl)-1h-Benzimidazol-2-Yl]-1h-Pyrazol-4-Yl}urea | UNII-XAV9KYN9WL"
320-67-2,9444,CHEBI:2038,Azacytidine,"4-amino-1-[(2R,3R,4S,5R)-3,4-dihydroxy-5-(hydroxymethyl)oxolan-2-yl]-1,3,5-triazin-2-one",C8H12N4O5,244.20,,,"InChI=1S/C8H12N4O5/c9-7-10-2-12(8(16)11-7)6-5(15)4(14)3(1-13)17-6/h2-6,13-15H,1H2,(H2,9,11,16)/t3-,4-,5-,6-/m1/s1",NMUSYJAQQFHJEW-KVTDHHQDSA-N,-2.2,141,"5-azacytidine | Azacitidine | 320-67-2 | Azacytidine | Ladakamycin | Mylosar | 5-azacitidine | Azacitidina | Azacitidinum | Antibiotic U 18496 | Onureg | U-18496 | DTXSID9020116 | NSC 102816 | 4-Amino-1-beta-d-ribofuranosyl-1,3,5-triazin-2(1H)-one | 4-Amino-1-beta-D-ribofuranosyl-s-triazin-2(1H)-one | NSC102816 | 5-AZCR | 5 AZC | CHEBI:2038"
722544-51-6,16007391,CHEBI:91367,Defosbarasertib,2-[3-[[7-[3-[ethyl(2-hydroxyethyl)amino]propoxy]quinazolin-4-yl]amino]-1H-pyrazol-5-yl]-N-(3-fluorophenyl)acetamide,C26H30FN7O3,507.6,,,"InChI=1S/C26H30FN7O3/c1-2-34(10-11-35)9-4-12-37-21-7-8-22-23(16-21)28-17-29-26(22)31-24-14-20(32-33-24)15-25(36)30-19-6-3-5-18(27)13-19/h3,5-8,13-14,16-17,35H,2,4,9-12,15H2,1H3,(H,30,36)(H2,28,29,31,32,33)",QYZOGCMHVIGURT-UHFFFAOYSA-N,3,128,"722544-51-6 | AZD1152-HQPA | barasertib-hQPA | AZD-1152HQPA | defosbarasertib | INH-34 | AZD-1152 hqpa | 2-(5-((7-(3-(ethyl(2-hydroxyethyl)amino)propoxy)quinazolin-4-yl)amino)-1H-pyrazol-3-yl)-N-(3-fluorophenyl)acetamide | 2-(3-((7-(3-(ethyl(2-hydroxyethyl)amino)propoxy)quinazolin-4-yl)amino)-1H-pyrazol-5-yl)-N-(3-fluorophenyl)acetamide | AZD2811 | AZD-2811 | 29P8LWS24N | 2-[3-[[7-[3-[ethyl(2-hydroxyethyl)amino]propoxy]quinazolin-4-yl]amino]-1H-pyrazol-5-yl]-N-(3-fluorophenyl)acetamide | AZD 2811 | 2-{3-[(7-{3-[ethyl(2-hydroxyethyl)amino]propoxy}quinazolin-4-yl)amino]-1H-pyrazol-5-yl}-N-(3-fluorophenyl)acetamide | DTXSID60222584 | 2-{5-[(7-{3-[ethyl(2-hydroxyethyl)amino]propoxy}quinazolin-4-yl)amino]-1H-pyrazol-3-yl}-N-(3-fluorophenyl)acetamide | 1H-Pyrazole-3-acetamide, 5-((7-(3-(ethyl(2-hydroxyethyl)amino)propoxy)-4-quinazolinyl)amino)-N-(3-fluorophenyl)- | 1H-Pyrazole-5-acetamide, 3-((7-(3-(ethyl(2-hydroxyethyl)amino)propoxy)-4-quinazolinyl)amino)-N-(3-fluorophenyl)- | RefChem:919762"
414864-00-9,6918638,CHEBI:61076,Belinostat,(E)-N-hydroxy-3-[3-(phenylsulfamoyl)phenyl]prop-2-enamide,C15H14N2O4S,318.3,,,"InChI=1S/C15H14N2O4S/c18-15(16-19)10-9-12-5-4-8-14(11-12)22(20,21)17-13-6-2-1-3-7-13/h1-11,17,19H,(H,16,18)/b10-9+",NCNRHFGMJRPRSK-MDZDMXLPSA-N,1.7,104,"Belinostat | 866323-14-0 | PXD101 | Beleodaq | PXD-101 | PXD 101 | (2E)-N-hydroxy-3-[3-(phenylsulfamoyl)phenyl]prop-2-enamide | NSC726630 | PX-105684 | NSC-726630 | F4H96P17NZ | 2-Propenamide, N-hydroxy-3-[3-[(phenylamino)sulfonyl]phenyl]-, (2E)- | (E)-N-hydroxy-3-[3-(phenylsulfamoyl)phenyl]prop-2-enamide | CHEBI:61076 | DTXSID60194378 | N-hydroxy-3-(3-(phenylsulfamoyl)phenyl)prop-2-enamide | 2-Propenamide, N-hydroxy-3-(3-((phenylamino)sulfonyl)phenyl)-, (2E)- | 2-Propenamide, N-hydroxy-3-(3-((phenylamino)sulfonyl)phenyl)- | N-hydroxy-3-[3-(phenylsulfamoyl)phenyl]prop-2-enamide | (2E)-N-HYDROXY-3-(3-(PHENYLSULFAMOYL)PHENYL)PROP-2-ENAMIDE"
1392399-03-9,46945860,CHEBI:232399,"N-(1-benzylpiperidin-4-yl)-6,7-dimethoxy-2-(4-methyl-1,4-diazepan-1-yl)quinazolin-4-amine trihydrochloride","N-(1-benzylpiperidin-4-yl)-6,7-dimethoxy-2-(4-methyl-1,4-diazepan-1-yl)quinazolin-4-amine;trihydrochloride",C28H41Cl3N6O2,600.0,,,"InChI=1S/C28H38N6O2.3ClH/c1-32-12-7-13-34(17-16-32)28-30-24-19-26(36-3)25(35-2)18-23(24)27(31-28)29-22-10-14-33(15-11-22)20-21-8-5-4-6-9-21;;;/h4-6,8-9,18-19,22H,7,10-17,20H2,1-3H3,(H,29,30,31);3*1H",FMURUEPQXKJIPS-UHFFFAOYSA-N,,66,"1392399-03-9 | BIX 01294 Trihydrochloride | BIX-01294 Trihydrochloride | N-(1-benzylpiperidin-4-yl)-6,7-dimethoxy-2-(4-methyl-1,4-diazepan-1-yl)quinazolin-4-amine trihydrochloride | BIX01294 trihydrochloride | 57HBY4AC4W | 2-(HEXAHYDRO-4-METHYL-1H-1,4-DIAZEPIN-1-YL)-6,7-DIMETHOXY-N-[1-(PHENYLMETHYL)-4-PIPERIDINYL]-4-QUINAZOLINAMINE TRIHYDROCHLORIDE | BIX-01294 (trihydrochloride) | MFCD16618384 | N-(1-benzylpiperidin-4-yl)-6,7-dimethoxy-2-(4-methyl-1,4-diazepan-1-yl)quinazolin-4-amine;trihydrochloride | N-(1-Benzyl-4-piperidinyl)-6,7-dimethoxy-2-(4-methyl-1,4-diazepan-1-yl)-4-quinazolinamine trihydrochloride | BIX01294 Hydrochloride | BIX01294 HCl | 4-Quinazolinamine, 2-(hexahydro-4-methyl-1H-1,4-diazepin-1-yl)-6,7-dimethoxy-N-(1-(phenylmethyl)-4-piperidinyl)-, hydrochloride (1:3) | 4-Quinazolinamine, 2-(hexahydro-4-methyl-1H-1,4-diazepin-1-yl)-6,7-dimethoxy-N-[1-(phenylmethyl)-4-piperidinyl]-, hydrochloride (1:3) | UNII-57HBY4AC4W | 1392399-03-9 ( HCl) | C28H41Cl3N6O2 | orb1306973 | SCHEMBL2595237"
942947-93-5,16202152,,"2-(4-(6-chloro-2-(4-(dimethylamino)phenyl)-3H-imidazo(4,5-b)pyridin-7-yl)piperazin-1-yl)-N-(thiazol-2-yl)acetamide","2-[4-[6-chloro-2-[4-(dimethylamino)phenyl]-1H-imidazo[4,5-b]pyridin-7-yl]piperazin-1-yl]-N-(1,3-thiazol-2-yl)acetamide",C23H25ClN8OS,497.0,,,"InChI=1S/C23H25ClN8OS/c1-30(2)16-5-3-15(4-6-16)21-28-19-20(17(24)13-26-22(19)29-21)32-10-8-31(9-11-32)14-18(33)27-23-25-7-12-34-23/h3-7,12-13H,8-11,14H2,1-2H3,(H,25,27,33)(H,26,28,29)",QYKHWEFPFAGNEV-UHFFFAOYSA-N,3.4,122,"2-(4-(6-chloro-2-(4-(dimethylamino)phenyl)-3H-imidazo[4,5-b]pyridin-7-yl)piperazin-1-yl)-N-(thiazol-2-yl)acetamide | 2-(4-(6-chloro-2-(4-(dimethylamino)phenyl)-3H-imidazo(4,5-b)pyridin-7-yl)piperazin-1-yl)-N-(thiazol-2-yl)acetamide | RefChem:124097 | CCT129202 | 942947-93-5 | CCT-129202 | 2-(4-(6-chloro-2-(4-(dimethylamino)phenyl)-1H-imidazo[4,5-b]pyridin-7-yl)piperazin-1-yl)-N-(thiazol-2-yl)acetamide | CHEMBL392525 | 2-[4-[6-chloro-2-[4-(dimethylamino)phenyl]-1H-imidazo[4,5-b]pyridin-7-yl]piperazin-1-yl]-N-(1,3-thiazol-2-yl)acetamide | 8N349V9Q27 | 1-piperazineacetamide, 4-[6-chloro-2-[4-(dimethylamino)phenyl]-3H-imidazo[4,5-b]pyridin-7-yl]-N-2-thiazolyl- | 1-Piperazineacetamide, 4-(6-chloro-2-(4-(dimethylamino)phenyl)-3H-imidazo(4,5-b)pyridin-7-yl)-N-2-thiazolyl- | 2-(4-(6-Chloro-2-(4-dimethylaminophenyl)-3H-imidazo(4,5-b)pyridin-7-yl)piperazin-1-yl)-N-(thiazol-2-yl)acetamide | 2-(4-{6-CHLORO-2-[4-(DIMETHYLAMINO)PHENYL]-1H-IMIDAZO[4,5-B]PYRIDIN-7-YL}PIPERAZIN-1-YL)-N-(1,3-THIAZOL-2-YL)ACETAMIDE | C23H25ClN8OS | UNII-8N349V9Q27 | QYKHWEFPFAGNEV-UHFFFAOYSA-N | MFCD18074522 | MLS006011038 | SCHEMBL209571"
1095382-05-0,25154041,,"3-((4-(6-bromo-2-(4-(4-methylpiperazin-1-yl)phenyl)-3H-imidazo(4,5-b)pyridin-7-yl)piperazin-1-yl)methyl)-5-methylisoxazole","3-[[4-[6-bromo-2-[4-(4-methylpiperazin-1-yl)phenyl]-1H-imidazo[4,5-b]pyridin-7-yl]piperazin-1-yl]methyl]-5-methyl-1,2-oxazole",C26H31BrN8O,551.5,,,"InChI=1S/C26H31BrN8O/c1-18-15-20(31-36-18)17-33-9-13-35(14-10-33)24-22(27)16-28-26-23(24)29-25(30-26)19-3-5-21(6-4-19)34-11-7-32(2)8-12-34/h3-6,15-16H,7-14,17H2,1-2H3,(H,28,29,30)",GFLQCBTXTRCREJ-UHFFFAOYSA-N,3.3,80.6,"CCT137690 | CCT-137690 | 3-((4-(6-bromo-2-(4-(4-methylpiperazin-1-yl)phenyl)-3h-imidazo[4,5-b]pyridin-7-yl)piperazin-1-yl)methyl)-5-methylisoxazole | 3-((4-(6-bromo-2-(4-(4-methylpiperazin-1-yl)phenyl)-3h-imidazo(4,5-b)pyridin-7-yl)piperazin-1-yl)methyl)-5-methylisoxazole | RefChem:910828 | 1095382-05-0 | CCT 137690 | 6-Bromo-7-{4-[(5-Methylisoxazol-3-Yl)methyl]piperazin-1-Yl}-2-[4-(4-Methylpiperazin-1-Yl)phenyl]-1h-Imidazo[4,5-B]pyridine | CHEMBL1236904 | 6-Bromo-7-[4-[(5-methyl-3-isoxazolyl)methyl]-1-piperazinyl]-2-[4-(4-methyl-1-piperazinyl)phenyl]-3H-imidazo[4,5-b]pyridine | 3-[[4-[6-bromo-2-[4-(4-methylpiperazin-1-yl)phenyl]-1H-imidazo[4,5-b]pyridin-7-yl]piperazin-1-yl]methyl]-5-methyl-1,2-oxazole | C26H31BrN8O | MLS006010283 | orb1305267 | SCHEMBL4755249 | SCHEMBL29443432 | SCHEMBL31235734 | DTXSID30648898 | GLXC-04300 | HMS3656D21"
1797989-42-4,71295844,,Laduviglusib hydrochloride,"6-[2-[[4-(2,4-dichlorophenyl)-5-(5-methyl-1H-imidazol-2-yl)pyrimidin-2-yl]amino]ethylamino]pyridine-3-carbonitrile;hydrochloride",C22H19Cl3N8,501.8,,,"InChI=1S/C22H18Cl2N8.ClH/c1-13-10-29-21(31-13)17-12-30-22(32-20(17)16-4-3-15(23)8-18(16)24)27-7-6-26-19-5-2-14(9-25)11-28-19;/h2-5,8,10-12H,6-7H2,1H3,(H,26,28)(H,29,31)(H,27,30,32);1H",SCQDMKUZHIGAIB-UHFFFAOYSA-N,,115,"1797989-42-4 | CHIR-99021 hydrochloride | Laduviglusib hydrochloride | CHIR-911 hydrochloride | 5AW8G37ZX5 | 3-Pyridinecarbonitrile, 6-((2-((4-(2,4-dichlorophenyl)-5-(5-methyl-1H-imidazol-2-yl)-2-pyrimidinyl)amino)ethyl)amino)-, hydrochloride (1:1) | RefChem:1088335 | CHIR-99021 HCl | CHIR-99021 (monohydrochloride) | CHIR99021 HCl | CHIR-99021 (CT99021) HCl | Laduviglusib monohydrochloride | CHIR-99021 monohydrochloride | 6-[2-[[4-(2,4-dichlorophenyl)-5-(5-methyl-1H-imidazol-2-yl)pyrimidin-2-yl]amino]ethylamino]pyridine-3-carbonitrile;hydrochloride | Laduviglusib (monohydrochloride) | 6-((2-((4-(2,4-Dichlorophenyl)-5-(5-methyl-1H-imidazol-2-yl)pyrimidin-2-yl)amino)ethyl)amino)nicotinonitrile monohydrochloride | 6-[[2-[[4-(2,4-dichlorophenyl)-5-(5-methyl-1H-imidazol-2-yl)-2-pyrimidinyl]amino]ethyl]amino]-3-pyridinecarbonitrile hydrochloride | CHIR 99021 hydrochloride | 6-[(2-{[4-(2,4-dichlorophenyl)-5-(4-methyl-1H-imidazol-2-yl)pyrimidin-2-yl]amino}ethyl)amino]pyridine-3-carbonitrile hydrochloride | 252917-06-9 (free base)"
112522-64-2,2746,CHEBI:90195,Tacedinaline,4-acetamido-N-(2-aminophenyl)benzamide,C15H15N3O2,269.30,,,"InChI=1S/C15H15N3O2/c1-10(19)17-12-8-6-11(7-9-12)15(20)18-14-5-3-2-4-13(14)16/h2-9H,16H2,1H3,(H,17,19)(H,18,20)",VAZAPHZUAVEOMC-UHFFFAOYSA-N,1.3,84.2,Tacedinaline | 112522-64-2 | ci-994 | 4-acetamido-N-(2-aminophenyl)benzamide | CI 994 | Tacedinalina | 4-(Acetylamino)-N-(2-aminophenyl)benzamide | N-acetyldinaline | Goe 5549 | Goe-5549 | PD-123654 | PD 123654 | C.I. 994 | UMF554N5FG | N-(2-aminophenyl)-4-acetamidobenzamide | CHEBI:90195 | DTXSID60150095 | tacedinalinum | N-acetyl Dinaline | RefChem:890200
1012054-59-9,24756910,,Cudc-101,7-[4-(3-ethynylanilino)-7-methoxyquinazolin-6-yl]oxy-N-hydroxyheptanamide,C24H26N4O4,434.5,,,"InChI=1S/C24H26N4O4/c1-3-17-9-8-10-18(13-17)27-24-19-14-22(21(31-2)15-20(19)25-16-26-24)32-12-7-5-4-6-11-23(29)28-30/h1,8-10,13-16,30H,4-7,11-12H2,2H3,(H,28,29)(H,25,26,27)",PLIVFNIUGLLCEK-UHFFFAOYSA-N,4,106,"CUDC-101 | 1012054-59-9 | CUDC 101 | CUDC101 | 1A7Y9MP123 | 7-[4-(3-ethynylanilino)-7-methoxyquinazolin-6-yl]oxy-N-hydroxyheptanamide | 7-((4-((3-ethynylphenyl)amino)-7-methoxyquinazolin-6-yl)oxy)-N-hydroxyheptanamide | DTXSID00143784 | 7-((4-(3-Ethynylphenylamino)-7-methoxyquinazolin-6-yl)oxy)-N-hydroxyheptanamide | 7-({4-[(3-ethynylphenyl)amino]-7-methoxyquinazolin-6-yl}oxy)-N-hydroxyheptanamide | 7-[[4-(3-Ethynylphenylamino)-7-methoxyquinazolin-6-yl]oxy]-N-hydroxyheptanamide | 7-(4-(3-ethynylanilino)-7-methoxyquinazolin-6-yl)oxy-N-hydroxyheptanamide | RefChem:128734 | DTXCID7066275 | HDAC/EGFR/HER2 Inhibitor CUDC-101 | 7-(4-(3-Ethynylphenylamino)-7-methoxyquinazolin-6-yloxy)-N-hydroxyheptanamide | MFCD15528940 | Heptanamide, 7-[[4-[(3-ethynylphenyl)amino]-7-methoxy-6-quinazolinyl]oxy]-N-hydroxy- | CHEMBL598797 | UNII-1A7Y9MP123"
693228-63-6,6420138,,Cyc-116,"4-methyl-5-[2-(4-morpholin-4-ylanilino)pyrimidin-4-yl]-1,3-thiazol-2-amine",C18H20N6OS,368.5,,,"InChI=1S/C18H20N6OS/c1-12-16(26-17(19)21-12)15-6-7-20-18(23-15)22-13-2-4-14(5-3-13)24-8-10-25-11-9-24/h2-7H,8-11H2,1H3,(H2,19,21)(H,20,22,23)",GPSZYOIFQZPWEJ-UHFFFAOYSA-N,2.6,117,"693228-63-6 | CYC-116 | CYC116 | CYC 116 | YAX4981K2D | RefChem:580170 | 4-methyl-5-(2-((4-morpholinophenyl)amino)pyrimidin-4-yl)thiazol-2-amine | 4-methyl-5-(2-(4-morpholinophenylamino)pyrimidin-4-yl)thiazol-2-amine | CHEMBL482967 | Kinome_636 | 4-methyl-5-[2-(4-morpholin-4-ylanilino)pyrimidin-4-yl]-1,3-thiazol-2-amine | MFCD14155805 | 2-Pyrimidinamine,4-(2-amino-4-methyl-5-thiazolyl)-N-[4-(4-morpholinyl)phenyl]- | 4-Methyl-5-(2-((4-morpholinophenyl)amino)-pyrimidin-4-yl)thiazol-2-amine | 2uue | GPSZYOIFQZPWEJ-UHFFFAOYSA-N | 4-(2-amino-4-methyl-1,3-thiazol-5-yl)-N-[4-(morpholin-4-yl)phenyl]pyrimidin-2-amine | 2c5t | UNII-YAX4981K2D | MLS006011244"
827318-97-8,11442891,CHEBI:94490,Danusertib,"N-[5-[(2R)-2-methoxy-2-phenylacetyl]-4,6-dihydro-1H-pyrrolo[3,4-d]pyrazol-3-yl]-4-(4-methylpiperazin-1-yl)benzamide",C26H30N6O3,474.6,,,"InChI=1S/C26H30N6O3/c1-30-12-14-31(15-13-30)20-10-8-19(9-11-20)25(33)27-24-21-16-32(17-22(21)28-29-24)26(34)23(35-2)18-6-4-3-5-7-18/h3-11,23H,12-17H2,1-2H3,(H2,27,28,29,33)/t23-/m1/s1",XKFTZKGMDDZMJI-HSZRJFAPSA-N,1.8,93.8,"Danusertib | 827318-97-8 | PHA-739358 | PHA 739358 | PHA739358 | M3X659D0FY | N-(5-((2R)-2-methoxy-2-phenylacetyl)-1,4,5,6-tetrahydropyrrolo(3,4-c)pyrazol-3-yl)-4-(4-methylpiperazin-1-yl)benzamide | N-{5-[(2R)-2-methoxy-2-phenylacetyl]-1H,4H,5H,6H-pyrrolo[3,4-c]pyrazol-3-yl}-4-(4-methylpiperazin-1-yl)benzamide | danusertibum | N-(5-((2R)-2-methoxy-2-phenylacetyl)-1H,4H,5H,6H-pyrrolo(3,4-c)pyrazol-3-yl)-4-(4-methylpiperazin-1-yl)benzamide | N-(5-((2R)-2-methoxy-2-phenylacetyl)-4,6-dihydro-1H-pyrrolo(3,4-d)pyrazol-3-yl)-4-(4-methylpiperazin-1-yl)benzamide | N-[5-[(2R)-2-methoxy-2-phenylacetyl]-4,6-dihydro-1H-pyrrolo[3,4-d]pyrazol-3-yl]-4-(4-methylpiperazin-1-yl)benzamide | RefChem:919641 | Benzamide, 4-(4-methyl-1-piperazinyl)-N-(1,4,5,6-tetrahydro-5-((2R)-methoxyphenylacetyl)pyrrolo(3,4-c)pyrazol-3-yl)- | Danusertib (PHA-739358) | (R)-N-(5-(2-methoxy-2-phenylacetyl)-1,4,5,6-tetrahydropyrrolo[3,4-c]pyrazol-3-yl)-4-(4-methylpiperazin-1-yl)benzamide | Danusertib [INN] | MFCD12024692 | N-[5-((2R)-2-Methoxy-2-phenylethanoyl)-1,4,5,6-tetrahydropyrrolo[3,4-c]pyrazol-3-yl]-4-(4-methylpiperazin-1-yl)benzamide | CHEMBL402548"
2353-33-5,451668,CHEBI:50131,5-Aza-2'-deoxycytidine,"4-amino-1-[(2R,4S,5R)-4-hydroxy-5-(hydroxymethyl)oxolan-2-yl]-1,3,5-triazin-2-one",C8H12N4O4,228.21,,,"InChI=1S/C8H12N4O4/c9-7-10-3-12(8(15)11-7)6-1-4(14)5(2-13)16-6/h3-6,13-14H,1-2H2,(H2,9,11,15)/t4-,5+,6+/m0/s1",XAUDJQYHKZQPEU-KVQBGUIXSA-N,-1.2,121,"Decitabine | 5-Aza-2'-deoxycytidine | 2353-33-5 | 5-Azadeoxycytidine | 2'-Deoxy-5-azacytidine | 5-Aza-deoxycytidine | Decitabina | 5-AZAdC | NSC 127716 | 2-Desoxy-5-azacytidine | DTXSID7030432 | NSC-127716 | 4-amino-1-[(2R,4S,5R)-4-hydroxy-5-(hydroxymethyl)oxolan-2-yl]-1,3,5-triazin-2-one | 4-Amino-1-(2-deoxy-beta-D-erythro-pentofuranosyl)-s-triazin-2(1H)-one | 776B62CQ27 | DTXCID5010432 | CHEBI:50131 | INQOVI COMPONENT DECITABINE | 1,3,5-Triazin-2(1H)-one, 4-amino-1-(2-deoxy-beta-D-erythro-pentofuranosyl)- | 4-amino-1-[(2R,4S,5R)-4-hydroxy-5-(hydroxymethyl)oxolan-2-yl]-1,2-dihydro-1,3,5-triazin-2-one"
99873-43-5,568416,CHEBI:94504,4-(4-Chloro-2-methylphenoxy)-N-hydroxybutanamide,4-(4-chloro-2-methylphenoxy)-N-hydroxybutanamide,C11H14ClNO3,243.68,,,"InChI=1S/C11H14ClNO3/c1-8-7-9(12)4-5-10(8)16-6-2-3-11(14)13-15/h4-5,7,15H,2-3,6H2,1H3,(H,13,14)",JHSXDAWGLCZYSM-UHFFFAOYSA-N,2.8,58.6,Droxinostat | 99873-43-5 | 4-(4-Chloro-2-methylphenoxy)-N-hydroxybutanamide | DTXSID20340899 | RefChem:97214 | DTXCID90291980 | 662-725-4 | NS 41080 | MFCD01326592 | MLS000109046 | SMR000104993 | 4-(4-chloro-2-methyl-phenoxy)butanehydroxamic acid | XCH | NS41080 | NS-41080 | CBMicro_030914 | CBChromo1_000102 | MLS006011918 | Droxinostat?99873-43-5 | cid_568416
130929-57-6,5281081,CHEBI:4798,Entacapone,"(E)-2-cyano-3-(3,4-dihydroxy-5-nitrophenyl)-N,N-diethylprop-2-enamide",C14H15N3O5,305.29,,,"InChI=1S/C14H15N3O5/c1-3-16(4-2)14(20)10(8-15)5-9-6-11(17(21)22)13(19)12(18)7-9/h5-7,18-19H,3-4H2,1-2H3/b10-5+",JRURYQJSLYLRLN-BJMVGYQFSA-N,2.1,130,"ENTACAPONE | 130929-57-6 | Comtan | Comtess | Entacapona | Entacaponum | OR-611 | (E)-Entacapone | Entacapone teva | Entacapone orion | DTXSID5046439 | (2E)-2-cyano-3-(3,4-dihydroxy-5-nitrophenyl)-N,N-diethylprop-2-enamide | 2-Propenamide, 2-cyano-3-(3,4-dihydroxy-5-nitrophenyl)-N,N-diethyl-, (2E)- | (E)-alpha-Cyano-N,N-diethyl-3,4-dihydroxy-5-nitrocinnamamide | (E)-2-cyano-3-(3,4-dihydroxy-5-nitro-phenyl)-N,N-diethyl-prop-2-enamide | 4975G9NM6T | N,N-diethyl-2-cyano-3-(3,4-dihydroxy-5-nitrophenyl) acrylamide | CHEBI:4798 | DTXCID3026439 | 2-Cyano-N,N-diethyl-3-(3,4-dihydroxy-5-nitrophenyl)propenamide"
209783-80-2,4261,CHEBI:132082,Entinostat,pyridin-3-ylmethyl N-[[4-[(2-aminophenyl)carbamoyl]phenyl]methyl]carbamate,C21H20N4O3,376.4,,,"InChI=1S/C21H20N4O3/c22-18-5-1-2-6-19(18)25-20(26)17-9-7-15(8-10-17)13-24-21(27)28-14-16-4-3-11-23-12-16/h1-12H,13-14,22H2,(H,24,27)(H,25,26)",INVTYAOGFAGBOE-UHFFFAOYSA-N,2,106,"Entinostat | 209783-80-2 | ms-275 | SNDX-275 | MS 275 | MS-27-275 | SNDX 275 | MS 27-275 | entinostatum | 1ZNY4FKK9H | BAY 86-5274 | N-(2-aminophenyl)-4-(N-(pyridin-3-ylmethoxycarbonyl)aminomethyl)benzamide | pyridin-3-ylmethyl N-[[4-[(2-aminophenyl)carbamoyl]phenyl]methyl]carbamate | NSC706995 | BAY86-5274 | Carbamic acid, N-[[4-[[(2-aminophenyl)amino]carbonyl]phenyl]methyl]-, 3-pyridinylmethyl ester | MS-275-27 | DTXSID0041068 | CHEBI:132082 | (pyridin-3-yl)methyl N-({4-[(2-aminophenyl)carbamoyl]phenyl}methyl)carbamate"
49843-98-3,5113032,CHEBI:90369,EX 527,"6-chloro-2,3,4,9-tetrahydro-1H-carbazole-1-carboxamide",C13H13ClN2O,248.71,,,"InChI=1S/C13H13ClN2O/c14-7-4-5-11-10(6-7)8-2-1-3-9(13(15)17)12(8)16-11/h4-6,9,16H,1-3H2,(H2,15,17)",FUZYTVDVLBBXDL-UHFFFAOYSA-N,2.5,58.9,"49843-98-3 | Selisistat | 6-chloro-2,3,4,9-tetrahydro-1H-carbazole-1-carboxamide | EX-527 | EX 527 | L19ECD5014 | rac-6-Chloro-2,3,4,9-tetrahydro-1H-carbazole-1-carboxamide | CHEBI:90369 | DTXSID10964442 | EX527 cpd | selisistatum | RefChem:541450 | DTXCID101392140 | 664-029-6 | SEN0014196 | EX 527 (Selisistat) | Selisistat [INN] | SIRT1 Inhibitor III | Selisistat (EX 527) | MFCD03009471"
808118-40-3,11256664,CHEBI:132774,FG 4592,2-[(4-hydroxy-1-methyl-7-phenoxyisoquinoline-3-carbonyl)amino]acetic acid,C19H16N2O5,352.3,,,"InChI=1S/C19H16N2O5/c1-11-15-9-13(26-12-5-3-2-4-6-12)7-8-14(15)18(24)17(21-11)19(25)20-10-16(22)23/h2-9,24H,10H2,1H3,(H,20,25)(H,22,23)",YOZBGTLTNGAVFU-UHFFFAOYSA-N,3.4,109,Roxadustat | 808118-40-3 | FG-4592 | FG4592 | Evrenzo | ASP 1517 | ASP1517 | ASP-1517 | X3O30D9YMX | roxadustatum | FG 4592 | (((4-Hydroxy-1-methyl-7-phenoxyisoquinolin-3-yl)carbonyl)amino)acetic acid | CHEBI:132774 | DTXSID60230644 | N-[(4-hydroxy-1-methyl-7-phenoxyisoquinolin-3-yl)carbonyl]glycine | N-((4-HYDROXY-1-METHYL-7-PHENOXYISOQUINOLIN-3-YL)CARBONYL)GLYCINE | 2-((4-hydroxy-1-methyl-7-(phenoxy)isoquinoline-3-carbonyl)amino)acetic acid | 2-[[4-hydroxy-1-methyl-7-(phenoxy)isoquinoline-3-carbonyl]amino]acetic acid | RefChem:883871 | B03XA05
66575-29-9,47936,CHEBI:42471,Forskolin,"[(3R,4aR,5S,6S,6aS,10S,10aR,10bS)-3-ethenyl-6,10,10b-trihydroxy-3,4a,7,7,10a-pentamethyl-1-oxo-5,6,6a,8,9,10-hexahydro-2H-benzo[f]chromen-5-yl] acetate",C22H34O7,410.5,,,"InChI=1S/C22H34O7/c1-8-19(5)11-14(25)22(27)20(6)13(24)9-10-18(3,4)16(20)15(26)17(28-12(2)23)21(22,7)29-19/h8,13,15-17,24,26-27H,1,9-11H2,2-7H3/t13-,15-,16-,17-,19-,20-,21+,22-/m0/s1",OHCQJHSOBUTRHG-KGGHGJDLSA-N,1,113,"forskolin | Colforsin | 66575-29-9 | Coleonol | colforsina | colforsine | colforsinum | Boforsin | Coleonolk | HL 362 | L 75 1362B | DTXSID8040484 | HL-362 | 7beta-Acetoxy-8,13-epoxy-1alpha,6beta,9alpha-trihydroxylabd-14-en-11-one | 1F7A44V6OU | L-751362B | NSC-357088 | NSC-375489 | (3R,4aR,5S,6S,6aS,10S,10aR,10bS)-3-ethenyl-6,10,10b-trihydroxy-3,4a,7,7,10a-pentamethyl-1-oxododecahydro-1H-benzo[f]chromen-5-yl acetate | [(3R,4aR,5S,6S,6aS,10S,10aR,10bS)-3-ethenyl-6,10,10b-trihydroxy-3,4a,7,7,10a-pentamethyl-1-oxo-5,6,6a,8,9,10-hexahydro-2H-benzo[f]chromen-5-yl] acetate"
1797983-09-5,71729974,,GSK-J4 hydrochloride,"ethyl 3-[[2-pyridin-2-yl-6-(1,2,4,5-tetrahydro-3-benzazepin-3-yl)pyrimidin-4-yl]amino]propanoate;hydrochloride",C24H28ClN5O2,454.0,,,"InChI=1S/C24H27N5O2.ClH/c1-2-31-23(30)10-14-26-21-17-22(28-24(27-21)20-9-5-6-13-25-20)29-15-11-18-7-3-4-8-19(18)12-16-29;/h3-9,13,17H,2,10-12,14-16H2,1H3,(H,26,27,28);1H",TYXWLTBYINKVNT-UHFFFAOYSA-N,,80.2,"GSK-J4 hydrochloride | 1797983-09-5 | GSK-J4 HCl | GSK-J4 (hydrochloride) | Ethyl N-[2-(2-pyridinyl)-6-(1,2,4,5-tetrahydro-3H-3-benzazepin-3-yl)-4-pyrimidinyl]-beta-alaninate hydrochloride | GSK J4 hydrochloride | Ethyl 3-((6-(4,5-dihydro-1H-benzo[d]azepin-3(2H)-yl)-2-(pyridin-2-yl)pyrimidin-4-yl)amino)propanoate hydrochloride | ethyl 3-[[2-pyridin-2-yl-6-(1,2,4,5-tetrahydro-3-benzazepin-3-yl)pyrimidin-4-yl]amino]propanoate;hydrochloride | GSK-J4hydrochloride | GSK J4 HCl? | orb1302901 | CHEMBL5715255 | SCHEMBL29352956 | SCHEMBL30127895 | EX-A809 | GSK J4 HCl (GSKJ4 HCl) | XWC98309 | 1373423-53-0(free base) | HY-15648F | s7070"
942918-07-2,46885626,CHEBI:91362,Gsk-1070916,"3-[4-[4-[2-[3-[(dimethylamino)methyl]phenyl]-1H-pyrrolo[2,3-b]pyridin-4-yl]-1-ethylpyrazol-3-yl]phenyl]-1,1-dimethylurea",C30H33N7O,507.6,,,"InChI=1S/C30H33N7O/c1-6-37-19-26(28(34-37)21-10-12-23(13-11-21)32-30(38)36(4)5)24-14-15-31-29-25(24)17-27(33-29)22-9-7-8-20(16-22)18-35(2)3/h7-17,19H,6,18H2,1-5H3,(H,31,33)(H,32,38)",QTBWCSQGBMPECM-UHFFFAOYSA-N,3.9,82.1,"GSK1070916 | GSK-1070916 | GSK 1070916 | 3-(4-(4-(2-(3-((dimethylamino)methyl)phenyl)-1H-pyrrolo[2,3-b]pyridin-4-yl)-1-ethyl-1H-pyrazol-3-yl)phenyl)-1,1-dimethylurea | 8VLB51V7HO | GSK 1070916A | 3-[4-[4-[2-[3-[(dimethylamino)methyl]phenyl]-1H-pyrrolo[2,3-b]pyridin-4-yl]-1-ethylpyrazol-3-yl]phenyl]-1,1-dimethylurea | 3-(4-(4-(2-(3-((DIMETHYLAMINO)METHYL)PHENYL)-1H-PYRROLO(2,3-B)PYRIDIN-4-YL)-1-ETHYL-1H-PYRAZOL-3-YL)PHENYL)-1,1-DIMETHYLUREA | 3-(4-(4-(2-(3-((dimethylamino)methyl)phenyl)-1H-pyrrolo(2,3-b)pyridin-4-yl)-1-ethylpyrazol-3-yl)phenyl)-1,1-dimethylurea | RefChem:922529 | 942918-07-2 | GSK-1070916A | MFCD22420815 | CHEMBL1090479 | GSK1070916A | N'-[4-[4-[2-[3-[(Dimethylamino)methyl]phenyl]-1H-pyrrolo[2,3-b]pyridin-4-yl]-1-ethyl-1H-pyrazol-3-yl]phenyl]-N,N-dimethylurea | N'-{4-[4-(2-{3-[(dimethylamino)methyl]phenyl}-1H-pyrrolo[2,3-b]pyridin-4-yl)-1-ethyl-1H-pyrazol-3-yl]phenyl}-N,N-dimethylurea | UNII-8VLB51V7HO | NMI-900 | compound 17k [PMID 20420387]"
931398-72-0,54685215,CHEBI:95087,"N-(1-Benzyl-4-hydroxy-2-oxo-1,2-dihydroquinoline-3-carbonyl)glycine",2-[(1-benzyl-4-hydroxy-2-oxoquinoline-3-carbonyl)amino]acetic acid,C19H16N2O5,352.3,,,"InChI=1S/C19H16N2O5/c22-15(23)10-20-18(25)16-17(24)13-8-4-5-9-14(13)21(19(16)26)11-12-6-2-1-3-7-12/h1-9,24H,10-11H2,(H,20,25)(H,22,23)",CAOSCCRYLYQBES-UHFFFAOYSA-N,2.6,107,"931398-72-0 | DTXSID70715755 | N-(1-Benzyl-4-hydroxy-2-oxo-1,2-dihydroquinoline-3-carbonyl)glycine | RefChem:359880 | DTXCID20666501 | IOX2 | IOX 2 | 2-(1-benzyl-4-hydroxy-2-oxo-1,2-dihydroquinoline-3-carboxamido)acetic acid | 2-[(1-benzyl-4-hydroxy-2-oxoquinoline-3-carbonyl)amino]acetic acid | CHEMBL3186774 | N-[[1,2-Dihydro-4-hydroxy-2-oxo-1-(phenylmethyl)-3-quinolinyl]carbonyl]glycine | N-[(1-BENZYL-4-HYDROXY-2-OXO-1,2-DIHYDRO-3-QUINOLINYL)CARBONYL]GLYCIN | IOX2 (May Contain ~10% Inorganics) | MFCD22580424 | Desidustat Impurity 3 | IOX2? | MLS006011057 | GTPL8229 | orb1307371 | SCHEMBL8244419"
732302-99-7,9804991,CHEBI:231335,Givinostat hydrochloride hydrate,[6-(diethylaminomethyl)naphthalen-2-yl]methyl N-[4-(hydroxycarbamoyl)phenyl]carbamate;hydrate;hydrochloride,C24H30ClN3O5,476.0,,,"InChI=1S/C24H27N3O4.ClH.H2O/c1-3-27(4-2)15-17-5-7-21-14-18(6-8-20(21)13-17)16-31-24(29)25-22-11-9-19(10-12-22)23(28)26-30;;/h5-14,30H,3-4,15-16H2,1-2H3,(H,25,29)(H,26,28);1H;1H2",FKGKZBBDJSKCIS-UHFFFAOYSA-N,,91.9,"732302-99-7 | Givinostat Hydrochloride Hydrate | RefChem:639979 | 110-909-5 | Givinostat hydrochloride monohydrate | (6-((diethylamino)methyl)naphthalen-2-yl)methyl (4-(hydroxycarbamoyl)phenyl)carbamate hydrochloride hydrate | Givinostat (ITF2357) | ITF2357 | [6-(diethylaminomethyl)naphthalen-2-yl]methyl N-[4-(hydroxycarbamoyl)phenyl]carbamate;hydrate;hydrochloride | Givinostat (hydrochloride monohydrate) | {6-[(diethylamino)methyl]naphthalen-2-yl}methyl N-[4-(hydroxycarbamoyl)phenyl]carbamate hydrate hydrochloride | ITF2357 (Givinostat) | Givinostat hydrochloride (USAN) | GIVINOSTAT HYDROCHLORIDE [USAN] | {6-[(diethylamino)methyl]naphthalen-2-yl}methyl [4-(hydroxycarbamoyl)phenyl]carbamate hydrochloride hydrate | Carbamic acid, (4-((hydroxyamino)carbonyl)phenyl)-, (6-((diethylamino)methyl)-2-naphthalenyl)methyl ester, monohydrochloride, monohydrate | Carbamic acid, [4-[(hydroxyamino)carbonyl]phenyl]-, [6-[(diethylamino)methyl]-2-naphthalenyl]methyl ester, monohydrochloride, monohydrate | Carbamic acid, N-(4-((hydroxyamino)carbonyl)phenyl)-, (6-((diethylamino)methyl)-2-naphthalenyl)methyl ester, hydrochloride, hydrate (1:1:1) | Carbamic acid, N-[4-[(hydroxyamino)carbonyl]phenyl]-, [6-[(diethylamino)methyl]-2-naphthalenyl]methyl ester, hydrochloride, hydrate (1:1:1) | Duvyzat (TN)"
875320-29-9,11538455,CHEBI:94771,Quisinostat,N-hydroxy-2-[4-[[(1-methylindol-3-yl)methylamino]methyl]piperidin-1-yl]pyrimidine-5-carboxamide,C21H26N6O2,394.5,,,"InChI=1S/C21H26N6O2/c1-26-14-17(18-4-2-3-5-19(18)26)11-22-10-15-6-8-27(9-7-15)21-23-12-16(13-24-21)20(28)25-29/h2-5,12-15,22,29H,6-11H2,1H3,(H,25,28)",PAWIYAYFNXQGAP-UHFFFAOYSA-N,1.3,95.3,"QUISINOSTAT | 875320-29-9 | JNJ-26481585 | N-Hydroxy-2-(4-((((1-methyl-1H-indol-3-yl)methyl)amino)methyl)piperidin-1-yl)pyrimidine-5-carboxamide | 9BJ85K1J8S | JNJ 26481585 | N-hydroxy-2-[4-[[(1-methylindol-3-yl)methylamino]methyl]piperidin-1-yl]pyrimidine-5-carboxamide | DTXSID90236376 | 5-Pyrimidinecarboxamide, N-hydroxy-2-(4-((((1-methyl-1H-indol-3-yl)methyl)amino)methyl)-1-piperidinyl)- | N-Hydroxy-2-[4-({[(1-methyl-1H-indol-3-yl)methyl]amino}methyl)piperidin-1-yl]pyrimidine-5-carboxamide | JNJ26481585 | quisinostatum | N-hydroxy-2-(4-(((1-methylindol-3-yl)methylamino)methyl)piperidin-1-yl)pyrimidine-5-carboxamide | RefChem:930503 | DTXCID90158867 | HDAC Inhibitor JNJ-26481585 | Quisinostat (JNJ-26481585) | MFCD17010272 | Quisinostat HCl | 2-[4-[[(1-methylindol-3-yl)methylamino]methyl]piperidin-1-yl]-~{N}-oxidanyl-pyrimidine-5-carboxamide"
443797-96-4,5330790,CHEBI:94506,Jnj-7706621,"4-[[5-amino-1-(2,6-difluorobenzoyl)-1,2,4-triazol-3-yl]amino]benzenesulfonamide",C15H12F2N6O3S,394.4,,,"InChI=1S/C15H12F2N6O3S/c16-10-2-1-3-11(17)12(10)13(24)23-14(18)21-15(22-23)20-8-4-6-9(7-5-8)27(19,25)26/h1-7H,(H2,19,25,26)(H3,18,20,21,22)",KDKUVYLMPJIGKA-UHFFFAOYSA-N,2.4,154,"443797-96-4 | JNJ-7706621 | 4-[[5-amino-1-(2,6-difluorobenzoyl)-1,2,4-triazol-3-yl]amino]benzenesulfonamide | Aurora Kinase/Cdk Inhibitor | JNJ-770662 | 74GK72DON8 | DTXSID40416207 | Benzenesulfonamide, 4-((5-amino-1-(2,6-difluorobenzoyl)-1H-1,2,4-triazol-3-yl)amino)- | 4-((5-amino-1-(2,6-difluorobenzoyl)-1,2,4-triazol-3-yl)amino)benzenesulfonamide | RefChem:150556 | DTXCID70367056 | 1H-1,2,4-TRIAZOLE-3,5-DIAMINE, N3-(4-(AMINOSULFONYL)PHENYL)-1-(2,6-DIFLUOROBENZOYL)-4-((5-AMINO-1-(2,6-DIFLUOROBENZOYL)-1H-(1,2,4)TRIAZOL-3-YL)AMINO)BENZENESULFONAMIDE | JNJ7706621 | 4-((5-Amino-1-(2,6-difluorobenzoyl)-1H-1,2,4-triazol-3-yl)amino)benzenesulfonamide | 4-[[5-Amino-1-(2,6-difluorobenzoyl)-1H-1,2,4-triazol-3-yl]amino]benzenesulfonamide | RWJ-387252 | 4-({5-Amino-1-[(2,6-Difluorophenyl)carbonyl]-1h-1,2,4-Triazol-3-Yl}amino)benzenesulfonamide | MFCD11100270 | CHEMBL191003 | 1H-1,2,4-Triazole-3,5-diamine, N3-(4-(aminosulfonyl)phenyl)-1-(2,6-difluorobenzoyl)- 4-((5-amino-1-(2,6-difluorobenzoyl)-1H-(1,2,4)triazol-3-yl)amino)benzenesulfonamide"
404951-53-7,6445533,CHEBI:94063,Dacinostat,(E)-N-hydroxy-3-[4-[[2-hydroxyethyl-[2-(1H-indol-3-yl)ethyl]amino]methyl]phenyl]prop-2-enamide,C22H25N3O3,379.5,,,"InChI=1S/C22H25N3O3/c26-14-13-25(12-11-19-15-23-21-4-2-1-3-20(19)21)16-18-7-5-17(6-8-18)9-10-22(27)24-28/h1-10,15,23,26,28H,11-14,16H2,(H,24,27)/b10-9+",BWDQBBCUWLSASG-MDZDMXLPSA-N,2.6,88.6,"Dacinostat | 404951-53-7 | NVP-LAQ824 | LAQ-824 | NVP-LAQ 824 | (E)-N-hydroxy-3-[4-[[2-hydroxyethyl-[2-(1H-indol-3-yl)ethyl]amino]methyl]phenyl]prop-2-enamide | V10P524501 | DTXSID50870351 | (2E)-N-Hydroxy-3-(4-(((2-hydroxyethyl)(2-(1H-indol-3-yl)ethyl)amino)methyl)phenyl)propenamide | dacinostatum | (2E)-N-Hydroxy-3-(4-({(2-hydroxyethyl)(2-(1H-indol-3-yl)ethyl)amino}methyl)phenyl)propenamide | (E)-N-hydroxy-3-(4-((2-hydroxyethyl-(2-(1H-indol-3-yl)ethyl)amino)methyl)phenyl)prop-2-enamide | RefChem:1082945 | DTXCID9021055 | LAQ824 (Dacinostat) | Dacinostat [INN] | MFCD09970778 | 2-Propenamide, N-hydroxy-3-[4-[[(2-hydroxyethyl)[2-(1H-indol-3-yl)ethyl]amino]methyl]phenyl]-, (2E)- | (2E)-N-hydroxy-3-(4-{[(2-hydroxyethyl)[2-(1H-indol-3-yl)ethyl]amino]methyl}phenyl)prop-2-enamide | (2e)-n-hydroxy-3-[4-[[(2-hydroxyethyl)[2-(1h-indol-3-yl)ethyl]amino]methyl]phenyl]-2-propenamide"
251456-60-7,3994,CHEBI:125562,4-(dimethylamino)-N-(7-(hydroxyamino)-7-oxoheptyl)benzamide,4-(dimethylamino)-N-[7-(hydroxyamino)-7-oxoheptyl]benzamide,C16H25N3O3,307.39,,,"InChI=1S/C16H25N3O3/c1-19(2)14-10-8-13(9-11-14)16(21)17-12-6-4-3-5-7-15(20)18-22/h8-11,22H,3-7,12H2,1-2H3,(H,17,21)(H,18,20)",MXWDSZWTBOCWBK-UHFFFAOYSA-N,1.7,81.7,"4-(dimethylamino)-n-[7-(hydroxyamino)-7-oxoheptyl]benzamide | 4-(dimethylamino)-N-(7-(hydroxyamino)-7-oxoheptyl)benzamide | Histone Deacetylase Inhibitor III | N-Hydroxy-7-(4-dimethylaminobenzoyl)aminoheptanamide | 4-Dimethylamino-N-(6-hydroxycarbamoylhexyl)benzamide | CHEBI:125562 | 7-{[4-(DIMETHYLAMINO)PHENYL]FORMAMIDO}-N-HYDROXYHEPTANAMIDE | 7-((4-(dimethylamino)phenyl)formamido)-N-hydroxyheptanamide | RefChem:97437 | 4-(dimethylamino)-NHAOBzNH2 | 251456-60-7 | m344 | M 344 | M-344 | Benzamide, 4-(dimethylamino)-N-[7-(hydroxyamino)-7-oxoheptyl]- | MFCD03453554 | J8W4VF5ZEJ | D 237;MS 344 | CHEMBL140000 | 4-DIMETHYLAMINO-N-(6-HYDROXYCARBAMOYLHEXYL)-BENZAMIDE"
852475-26-4,11381449,CHEBI:95072,MC1568,(E)-3-[4-[(E)-3-(3-fluorophenyl)-3-oxoprop-1-enyl]-1-methylpyrrol-2-yl]-N-hydroxyprop-2-enamide,C17H15FN2O3,314.31,,,"InChI=1S/C17H15FN2O3/c1-20-11-12(9-15(20)6-8-17(22)19-23)5-7-16(21)13-3-2-4-14(18)10-13/h2-11,23H,1H3,(H,19,22)/b7-5+,8-6+",QRDAPCMJAOQZSU-KQQUZDAGSA-N,1.8,71.3,MC-1568 | DTXSID40464187 | RefChem:156082 | DTXCID70415006 | CHEBI:140475 | MC1568 | 852475-26-4 | HDAC-IN-1 | MC 1568 | 1239610-44-6 | (E)-3-[4-[(E)-3-(3-fluorophenyl)-3-oxoprop-1-enyl]-1-methylpyrrol-2-yl]-N-hydroxyprop-2-enamide | CHEMBL191089 | (E)-3-(4-((E)-3-(3-fluorophenyl)-3-oxoprop-1-enyl)-1-methyl-1H-pyrrol-2-yl)-N-hydroxyacrylamide | 3-[5-(3-(3-Fluorophenyl)-3-oxoprope n-1-yl)-1-methyl-1H-pyrrol-2-yl]-N-hydroxy-2-prope namide | (E)-3-(4-((E)-3-(3-fluorophenyl)-3-oxoprop-1-en-1-yl)-1-methyl-1H-pyrrol-2-yl)-N-hydroxyacrylamide | MFCD16875423 | MLS006011094 | SCHEMBL14974121 | SCHEMBL29373855 | CHEBI:95072
726169-73-9,9865515,CHEBI:94525,Mocetinostat,N-(2-aminophenyl)-4-[[(4-pyridin-3-ylpyrimidin-2-yl)amino]methyl]benzamide,C23H20N6O,396.4,,,"InChI=1S/C23H20N6O/c24-19-5-1-2-6-21(19)28-22(30)17-9-7-16(8-10-17)14-27-23-26-13-11-20(29-23)18-4-3-12-25-15-18/h1-13,15H,14,24H2,(H,28,30)(H,26,27,29)",HRNLUBSXIHFDHP-UHFFFAOYSA-N,2.8,106,"Mocetinostat | 726169-73-9 | MGCD0103 | N-(2-AMINOPHENYL)-4-([[4-(PYRIDIN-3-YL)PYRIMIDIN-2-YL]AMINO]METHYL)BENZAMIDE | A6GWB8T96J | MG0103 | MG-0103 | N-(2-Aminophenyl)-4-((4-pyridin-3-ylpyrimidin-2-ylamino)methyl)benzamide | N-(2-aminophenyl)-4-(((4-(pyridin-3-yl)pyrimidin-2-yl)amino)methyl)benzamide | N-(2-aminophenyl)-4-({[4-(pyridin-3-yl)pyrimidin-2-yl]amino}methyl)benzamide | DTXSID80222945 | Benzamide, N-(2-aminophenyl)-4-(((4-(3-pyridinyl)-2-pyrimidinyl)amino)methyl)- | n-(2-aminophenyl)-4-[(4-pyridin-3-ylpyrimidin-2-ylamino)methyl]benzamide | MG4230 | MG4915 | MG5206 | MG-4230 | MG-4915 | MG-5026 | mocetinostatum"
783355-60-2,11749858,CHEBI:92223,Abexinostat,3-[(dimethylamino)methyl]-N-[2-[4-(hydroxycarbamoyl)phenoxy]ethyl]-1-benzofuran-2-carboxamide,C21H23N3O5,397.4,,,"InChI=1S/C21H23N3O5/c1-24(2)13-17-16-5-3-4-6-18(16)29-19(17)21(26)22-11-12-28-15-9-7-14(8-10-15)20(25)23-27/h3-10,27H,11-13H2,1-2H3,(H,22,26)(H,23,25)",MAUCONCHVWBMHK-UHFFFAOYSA-N,2.2,104,"ABEXINOSTAT | 783355-60-2 | PCI-24781 | PCI 24781 | CRA-024781 | CRA 024781 | CRA 24781 | PCI24781 | CRA024781 | IYO470654U | PZP115891 | S78454 | PZP-115891 | 3-[(dimethylamino)methyl]-N-{2-[4-(hydroxycarbamoyl)phenoxy]ethyl}-1-benzofuran-2-carboxamide | DTXSID30229005 | S-78454 | 2-Benzofurancarboxamide, 3-((dimethylamino)methyl)-N-(2-(4-((hydroxyamino)carbonyl)phenoxy)ethyl)- | 3-[(dimethylamino)methyl]-N-[2-[4-(hydroxycarbamoyl)phenoxy]ethyl]-1-benzofuran-2-carboxamide | 3-((DIMETHYLAMINO)METHYL)-N-(2-(4-(HYDROXYCARBAMOYL)PHENOXY)ETHYL)-1-BENZOFURAN-2-CARBOXAMIDE | abexinostatum"
950762-95-5,24753719,CHEBI:94192,Pci-34051,N-hydroxy-1-[(4-methoxyphenyl)methyl]indole-6-carboxamide,C17H16N2O3,296.32,,,"InChI=1S/C17H16N2O3/c1-22-15-6-2-12(3-7-15)11-19-9-8-13-4-5-14(10-16(13)19)17(20)18-21/h2-10,21H,11H2,1H3,(H,18,20)",AJRGHIGYPXNABY-UHFFFAOYSA-N,2.4,63.5,"PCI-34051 | 950762-95-5 | N-hydroxy-1-(4-methoxybenzyl)-1H-indole-6-carboxamide | PCI 34051 | PUI52VXV61 | 1H-Indole-6-carboxamide, N-hydroxy-1-((4-methoxyphenyl)methyl)- | PCI34051 | RefChem:170501 | 633-635-2 | N-hydroxy-1-[(4-methoxyphenyl)methyl]indole-6-carboxamide | MFCD11114393 | CHEMBL2170177 | N-Hydroxy-1-[(4-methoxyphenyl)methyl]-1H-indole-6-carboxamide | 1-[(4-methoxyphenyl)methyl]indole-6-carbohydroxamic acid | 1-[(4-methoxyphenyl)methyl]-~{N}-oxidanyl-indole-6-carboxamide | UNII-PUI52VXV61 | AJRGHIGYPXNABY-UHFFFAOYSA-N | GKW | MLS006010285 | orb1300868"
942487-16-3,51346455,,Pf-03814735,"N-[2-[(1R,8S)-4-[[4-(cyclobutylamino)-5-(trifluoromethyl)pyrimidin-2-yl]amino]-11-azatricyclo[6.2.1.02,7]undeca-2(7),3,5-trien-11-yl]-2-oxoethyl]acetamide",C23H25F3N6O2,474.5,,,"InChI=1S/C23H25F3N6O2/c1-12(33)27-11-20(34)32-18-7-8-19(32)16-9-14(5-6-15(16)18)30-22-28-10-17(23(24,25)26)21(31-22)29-13-3-2-4-13/h5-6,9-10,13,18-19H,2-4,7-8,11H2,1H3,(H,27,33)(H2,28,29,30,31)/t18-,19+/m0/s1",RYYNGWLOYLRZLK-RBUKOAKNSA-N,3,99.3,"PF-03814735 | 942487-16-3 | PF 03814735 | N-(2-((1S,4R)-6-((4-(Cyclobutylamino)-5-(trifluoromethyl)pyrimidin-2-yl)amino)-1,2,3,4-tetrahydro-1,4-epiminonaphthalen-9-yl)-2-oxoethyl)acetamide | PF 3814735 | PF-3814735 | 6V5T4O5758 | PF03814735 | DTXSID601025621 | N-{2-[(1s,4r)-6-{[4-(Cyclobutylamino)-5-(Trifluoromethyl)pyrimidin-2-Yl]amino}-1,2,3,4-Tetrahydro-1,4-Epiminonaphthalen-9-Yl]-2-Oxoethyl}acetamide | RefChem:172226 | DTXCID701509886 | Aurora Kinase Inhibitor PF-03814735 | N-(2-((1R,8S)-4-((4-(cyclobutylamino)-5-(trifluoromethyl)pyrimidin-2-yl)amino)-11-azatricyclo(6.2.1.0^(2,7))undeca-2(7),3,5-trien-11-yl)-2-oxoethyl)acetamide | CHEMBL4289017 | N-[2-[(1R,8S)-4-[[4-(Cyclobutylamino)-5-(trifluoromethyl)pyrimidin-2-yl]amino]-11-azatricyclo[6.2.1.02,7]undeca-2(7),3,5-trien-11-yl]-2-oxoethyl]acetamide | UNII-6V5T4O5758 | C23H25F3N6O2 | RYYNGWLOYLRZLK-RBUKOAKNSA-N | 34W"
1403764-72-6,71271629,CHEBI:95079,Pfi-1,"2-methoxy-N-(3-methyl-2-oxo-1,4-dihydroquinazolin-6-yl)benzenesulfonamide",C16H17N3O4S,347.4,,,"InChI=1S/C16H17N3O4S/c1-19-10-11-9-12(7-8-13(11)17-16(19)20)18-24(21,22)15-6-4-3-5-14(15)23-2/h3-9,18H,10H2,1-2H3,(H,17,20)",TXZPMHLMPKIUGK-UHFFFAOYSA-N,1.2,96.1,"PFI-1 | RefChem:1094641 | 1403764-72-6 | 2-Methoxy-N-(3-Methyl-2-Oxo-1,2,3,4-Tetrahydroquinazolin-6-Yl)benzenesulfonamide | PFI-1 (PF-6405761) | PF-6405761 | MFCD22580416 | PF-06405761 | PFI 1 | HY-16586 | CHEMBL2179387 | 2-methoxy-N-(3-methyl-2-oxo-1,2,3,4-tetrahydroquinazolin-6-yl)benzene-1-sulfonamide | 2-methoxy-N-(3-methyl-2-oxo-1,4-dihydroquinazolin-6-yl)benzenesulfonamide | QCR-192 | PFI1 | GTPL7523 | orb1300965 | SCHEMBL14721611 | SCHEMBL29430449 | CHEBI:95079"
398493-79-3,11249084,,Pha-680632,"N-(2,6-diethylphenyl)-3-[[4-(4-methylpiperazin-1-yl)benzoyl]amino]-4,6-dihydro-1H-pyrrolo[3,4-d]pyrazole-5-carboxamide",C28H35N7O2,501.6,,,"InChI=1S/C28H35N7O2/c1-4-19-7-6-8-20(5-2)25(19)29-28(37)35-17-23-24(18-35)31-32-26(23)30-27(36)21-9-11-22(12-10-21)34-15-13-33(3)14-16-34/h6-12H,4-5,13-18H2,1-3H3,(H,29,37)(H2,30,31,32,36)",OBWNXGOQPLDDPS-UHFFFAOYSA-N,3.2,96.6,"PHA-680632 | 398493-79-3 | PHA680632 | 65W8KZU2A4 | DTXSID10460035 | Pha 680632 | RefChem:928959 | DTXCID70410854 | N-(2,6-diethylphenyl)-3-(4-(4-methylpiperazin-1-yl)benzamido)-4,6-dihydropyrrolo[3,4-c]pyrazole-5(1H)-carboxamide | N-(2,6-Diethylphenyl)-4,6-dihydro-3-[[4-(4-methyl-1-piperazinyl)benzoyl]amino]pyrrolo[3,4-c]pyrazole-5(1H)-carboxamide | N-(2,6-diethylphenyl)-3-[[4-(4-methylpiperazin-1-yl)benzoyl]amino]-4,6-dihydro-1H-pyrrolo[3,4-c]pyrazole-5-carboxamide | CHEMBL363160 | N-(2,6-Diethylphenyl)-4,6-dihydro-3-[[4-(4-methyl-1-piperazinyl)-benzoyl]amino]pyrrolo[3,4-c]pyrazole-5(1H)-carboxamide | N-(2,6-Diethylphenyl)-4,6-dihydro-3-((4-(4-methyl-1-piperazinyl)benzoyl)amino)pyrrolo(3,4-C)pyrazole-5(1H)-carboxamide | Pyrrolo(3,4-C)pyrazole-5(1H)-carboxamide, N-(2,6-diethylphenyl)-4,6-dihydro-3-((4-(4-methyl-1-piperazinyl)benzoyl)amino)- | C28H35N7O2 | N-(2,6-Diethylphenyl)-3-[4-(4-methylpiperazin-1-yl)benzamido]-4,6-dihydropyrrolo[3,4-c]pyrazole-5(1H)-carboxamide | MFCD16038900 | UNII-65W8KZU2A4 | MLS006011048"
1339928-25-4,54575456,,Fimepinostat,"N-hydroxy-2-[[2-(6-methoxy-3-pyridinyl)-4-morpholin-4-ylthieno[3,2-d]pyrimidin-6-yl]methyl-methylamino]pyrimidine-5-carboxamide",C23H24N8O4S,508.6,,,"InChI=1S/C23H24N8O4S/c1-30(23-25-11-15(12-26-23)22(32)29-33)13-16-9-17-19(36-16)21(31-5-7-35-8-6-31)28-20(27-17)14-3-4-18(34-2)24-10-14/h3-4,9-12,33H,5-8,13H2,1-2H3,(H,29,32)",JOWXJLIFIIOYMS-UHFFFAOYSA-N,1.3,167,"CUDC-907 | Fimepinostat | 1339928-25-4 | CUDC907 | CUDC 907 | N-hydroxy-2-[[2-(6-methoxypyridin-3-yl)-4-morpholin-4-ylthieno[3,2-d]pyrimidin-6-yl]methyl-methylamino]pyrimidine-5-carboxamide | 3S9RX35S5X | DTXSID90712307 | PI3K/HDAC INHIBITOR CUDC-907 | 5-PYRIMIDINECARBOXAMIDE, N-HYDROXY-2-(((2-(6-METHOXY-3-PYRIDINYL)-4-(4-MORPHOLINYL)THIENO(3,2-D)PYRIMIDIN-6-YL)METHYL)METHYLAMINO)- | N-Hydroxy-2-[{[2-(6-methoxypyridin-3-yl)-4-(morpholin-4-yl)thieno[3,2-d]pyrimidin-6-yl]methyl}(methyl)amino]pyrimidine-5-carboxamide | fimepinostatum | 5-pyrimidinecarboxamide, N-hydroxy-2-[[[2-(6-methoxy-3-pyridinyl)-4-(4-morpholinyl)thieno[3,2-d]pyrimidin-6-yl]methyl]methylamino]- | N-HYDROXY-2-(((2-(6-METHOXYPYRIDIN-3-YL)-4-(MORPHOLIN-4-YL)THIENO(3,2-D)PYRIMIDIN-6-YL)METHYL)(METHYL)AMINO)PYRIMIDINE-5-CARBOXAMIDE | N-hydroxy-2-((2-(6-methoxypyridin-3-yl)-4-morpholin-4-ylthieno(3,2-d)pyrimidin-6-yl)methyl-methylamino)pyrimidine-5-carboxamide | RefChem:599212 | DTXCID00663053 | PI3K/HDAC Inhibitor | N-hydroxy-2-(((2-(6-methoxypyridin-3-yl)-4-morpholinothieno[3,2-d]pyrimidin-6-yl)methyl)(methyl)amino)pyrimidine-5-carboxamide | MFCD22420823"
929016-96-6,49855250,CHEBI:95071,Pracinostat,(E)-3-[2-butyl-1-[2-(diethylamino)ethyl]benzimidazol-5-yl]-N-hydroxyprop-2-enamide,C20H30N4O2,358.5,,,"InChI=1S/C20H30N4O2/c1-4-7-8-19-21-17-15-16(10-12-20(25)22-26)9-11-18(17)24(19)14-13-23(5-2)6-3/h9-12,15,26H,4-8,13-14H2,1-3H3,(H,22,25)/b12-10+",JHDKZFFAIZKUCU-ZRDIBKRKSA-N,3.1,70.4,"Pracinostat | 929016-96-6 | SB939 | SB 939 | SB-939 | pracinostatum | GPO2JN4UON | CHEBI:95071 | DTXSID00239196 | 2-Propenamide, 3-(2-butyl-1-(2-(diethylamino)ethyl)-1H-benzimidazol-5-yl)-N-hydroxy-, (2E)- | (2E)-3-{2-butyl-1-[2-(diethylamino)ethyl]-1H-1,3-benzodiazol-5-yl}-N-hydroxyprop-2-enamide | (2E)-3-(2-butyl-1-(2-(diethylamino)ethyl)-1H-1,3-benzodiazol-5-yl)-N-hydroxyprop-2-enamide | RefChem:175687 | HDAC Inhibitor SB939 | DTXCID20161687 | KAEMPFEROL 3-O-BETA-D-(6-E-P-COUMAROYLGLUCOSIDE) | Pracinostat (SB939) | (E)-3-(2-butyl-1-(2-(diethylamino)ethyl)-1H-benzo[d]imidazol-5-yl)-N-hydroxyacrylamide | Pracinostat [INN] | MFCD17215206"
117-39-5,5280343,CHEBI:16243,Quercetin,"2-(3,4-dihydroxyphenyl)-3,5,7-trihydroxychromen-4-one",C15H10O7,302.23,,,"InChI=1S/C15H10O7/c16-7-4-10(19)12-11(5-7)22-15(14(21)13(12)20)6-1-2-8(17)9(18)3-6/h1-5,16-19,21H",REFJWTPEDVJJIY-UHFFFAOYSA-N,1.5,127,"quercetin | 117-39-5 | Meletin | Sophoretin | Xanthaurine | Quercetine | Quercetol | Quertine | 2-(3,4-Dihydroxyphenyl)-3,5,7-trihydroxy-4H-chromen-4-one | Quercitin | 3,3',4',5,7-Pentahydroxyflavone | Quertin | 3,5,7,3',4'-Pentahydroxyflavone | Cyanidelonon 1522 | Flavin meletin | T-Gelb bzw. grun 1 | C.I. Natural Yellow 10 | Cyanidenolon 1522 | C.I. 75670 | C.I. Natural red 1"
501-36-0,445154,CHEBI:27881,Resveratrol,"5-[(E)-2-(4-hydroxyphenyl)ethenyl]benzene-1,3-diol",C14H12O3,228.24,,,"InChI=1S/C14H12O3/c15-12-5-3-10(4-6-12)1-2-11-7-13(16)9-14(17)8-11/h1-9,15-17H/b2-1+",LUKBXSAWLPMMSZ-OWOJBTEDSA-N,3.1,60.7,"resveratrol | 501-36-0 | trans-resveratrol | 3,4',5-Trihydroxystilbene | (E)-resveratrol | Resvida | 3,4',5-Stilbenetriol | 5-[(E)-2-(4-hydroxyphenyl)ethenyl]benzene-1,3-diol | 3,4',5-Trihydroxy-trans-stilbene | 5-[(1E)-2-(4-Hydroxyphenyl)ethenyl]-1,3-benzenediol | Biofort | Cuspidatin | Jotrol | SRT-501 | (E)-5-(p-Hydroxystyryl)resorcinol | Resveratrol p 5 | SRT501 | Melinjo resveratrol 20 | DTXSID4031980 | Srt 501m"
287383-59-9,5186,CHEBI:92401,Scriptaid,"6-(1,3-dioxobenzo[de]isoquinolin-2-yl)-N-hydroxyhexanamide",C18H18N2O4,326.3,,,"InChI=1S/C18H18N2O4/c21-15(19-24)10-2-1-3-11-20-17(22)13-8-4-6-12-7-5-9-14(16(12)13)18(20)23/h4-9,24H,1-3,10-11H2,(H,19,21)",JTDYUFSDZATMKU-UHFFFAOYSA-N,2,86.7,"scriptaid | 287383-59-9 | GNF-PF-2024 | 6-(1,3-dioxobenzo[de]isoquinolin-2-yl)-N-hydroxyhexanamide | EJQ8CD8BSV | 1h-benz[de]isoquinoline-2(3h)-hexanamide, n-hydroxy-1,3-dioxo- | N-Hydroxy-1,3-dioxo-1H-benz(de)isoquinoline-2(3H)-hexan amide | DTXSID70274458 | 1H-BENZ(DE)ISOQUINOLINE-2(3H)-HEXANAMIDE, N-HYDROXY-1,3-DIOXO- | 6-(1,3-dioxobenzo(de)isoquinolin-2-yl)-N-hydroxyhexanamide | RefChem:931493 | DTXCID40225937 | Scriptide | 6-(1,3-Dioxo-1H-benzo[de]isoquinolin-2(3H)-yl)-N-hydroxyhexanamide | GCK 1026 | Scriptide;GCK1026 | MFCD00386477 | CHEMBL96051 | SB-556629 | N-Hydroxy-1,3-dioxo-1H-benz[de]isoquinoline-2(3H)-hexananmide"
410536-97-9,2827646,CHEBI:125379,Sirtinol,2-[(2-hydroxynaphthalen-1-yl)methylideneamino]-N-(1-phenylethyl)benzamide,C26H22N2O2,394.5,,,"InChI=1S/C26H22N2O2/c1-18(19-9-3-2-4-10-19)28-26(30)22-13-7-8-14-24(22)27-17-23-21-12-6-5-11-20(21)15-16-25(23)29/h2-18,29H,1H3,(H,28,30)",UXJFDYIHRJGPFS-UHFFFAOYSA-N,5.3,61.7,Sirtinol | 410536-97-9 | CHEBI:73158 | 2-{[(2-hydroxy-1-naphthyl)methylene]amino}-N-(1-phenylethyl)benzamide | 2-(((2-hydroxy-1-naphthyl)methylene)amino)-N-(1-phenylethyl)benzamide | RefChem:183240 | MFCD00810186 | 2-[(2-Hydroxynaphthalen-1-ylmethylene)amino]-N-(1-phenethyl)benzamide | CHEMBL380797 | 2-[(2-hydroxynaphthalen-1-yl)methylideneamino]-N-(1-phenylethyl)benzamide | 2-(((2-Hydroxynaphthalen-1-yl)methylene)amino)-N-(1-phenylethyl)benzamide | (E)-2-(((2-HYDROXYNAPHTHALEN-1-YL)METHYLENE)AMINO)-N-(1-PHENYLETHYL)BENZAMIDE | 1427031-54-6 | Sir Two Inhibitor Naphthol | 2-((2-hydroxynaphthalen-1-yl)methyleneamino)-N-(1-phenylethyl)benzamide | {2-[(2-Hydroxynaphthalen-1-ylmethylene)amino]}-N-(1-phenethyl)benzamide (Sirtinol | Sirtinol? | Probes1_000047 | Probes1_000316 | Probes2_000084
1146618-41-8,24995523,,SNS-314 Mesylate,"1-(3-chlorophenyl)-3-[5-[2-(thieno[3,2-d]pyrimidin-4-ylamino)ethyl]-1,3-thiazol-2-yl]urea;methanesulfonic acid",C19H19ClN6O4S3,527.0,,,"InChI=1S/C18H15ClN6OS2.CH4O3S/c19-11-2-1-3-12(8-11)24-17(26)25-18-21-9-13(28-18)4-6-20-16-15-14(5-7-27-15)22-10-23-16;1-5(2,3)4/h1-3,5,7-10H,4,6H2,(H,20,22,23)(H2,21,24,25,26);1H3,(H,2,3,4)",FYCODPVDEFFWSR-UHFFFAOYSA-N,,211,"SNS-314 Mesylate | 1146618-41-8 | UNII-KGW32FDY3U | KGW32FDY3U | Urea, N-(3-chlorophenyl)-N'-[5-[2-(thieno[3,2-d]pyrimidin-4-ylamino)ethyl]-2-thiazolyl]-, methanesulfonate (1:1) | Urea, N-(3-chlorophenyl)-N'-(5-(2-(thieno(3,2-d)pyrimidin-4-ylamino)ethyl)-2-thiazolyl)-, methanesulfonate (1:1) | RefChem:183486 | SNS 314 mesylate | SNS-314 (mesylate) | 1-(3-chlorophenyl)-3-[5-[2-(thieno[3,2-d]pyrimidin-4-ylamino)ethyl]-1,3-thiazol-2-yl]urea;methanesulfonic acid | 1-(3-chlorophenyl)-3-(5-(2-(thieno[3,2-d]pyrimidin-4-ylamino)ethyl)thiazol-2-yl)urea methanesulfonate | 1-(3-chlorophenyl)-3-{5-[2-({thieno[3,2-d]pyrimidin-4-yl}amino)ethyl]-1,3-thiazol-2-yl}urea; methanesulfonic acid | C19H19ClN6O4S3 | MFCD16621142 | SNS-314 Mesylate? | MLS006011040 | CHEMBL518051 | orb1305262 | SCHEMBL17257952 | SCHEMBL29391477"
1716-12-7,5258,CHEBI:75316,Sodium Phenylbutyrate,sodium 4-phenylbutanoate,C10H11NaO2,186.18,,,"InChI=1S/C10H12O2.Na/c11-10(12)8-4-7-9-5-2-1-3-6-9;/h1-3,5-6H,4,7-8H2,(H,11,12);/q;+1/p-1",VPZRWNZGLKXFOE-UHFFFAOYSA-M,,40.1,"Sodium 4-phenylbutyrate | SODIUM PHENYLBUTYRATE | 1716-12-7 | Buphenyl | TriButyrate | Benzenebutanoic acid, sodium salt | Ammonaps | Pheburane | OLPRUVA | DTXSID7040948 | 4-phenylbutyric acid, sodium salt | ACER-001 | NT6K61736T | NSC-657802 | DTXCID5020948 | CHEBI:75316 | AMX0035 COMPONENT SODIUM PHENYLBUTYRATE | RELYVRIO COMPONENT SODIUM PHENYLBUTYRATE | Ambutyrate | RefChem:56033"
1001645-58-4,25232708,,Srt1720,"N-[2-[3-(piperazin-1-ylmethyl)imidazo[2,1-b][1,3]thiazol-6-yl]phenyl]quinoxaline-2-carboxamide;hydrochloride",C25H24ClN7OS,506.0,,,"InChI=1S/C25H23N7OS.ClH/c33-24(22-13-27-20-7-3-4-8-21(20)28-22)29-19-6-2-1-5-18(19)23-15-32-17(16-34-25(32)30-23)14-31-11-9-26-10-12-31;/h1-8,13,15-16,26H,9-12,14H2,(H,29,33);1H",DTGRRMPPXCRRIM-UHFFFAOYSA-N,,116,"1001645-58-4 | SRT1720 | RefChem:932153 | N-(2-(3-(piperazin-1-ylmethyl)imidazo(2,1-b)(1,3)thiazol-6-yl)phenyl)quinoxaline-2-carboxamide | SRT 1720 Hydrochloride | SRT1720 HCl | SRT1720 Hydrochloride | 2060259-60-9 | N-(2-(3-(piperazin-1-ylmethyl)imidazo[2,1-b]thiazol-6-yl)phenyl)quinoxaline-2-carboxamide hydrochloride | SRT 1720 (Hydrochloride) | N-[2-[3-(piperazin-1-ylmethyl)imidazo[2,1-b][1,3]thiazol-6-yl]phenyl]quinoxaline-2-carboxamide;hydrochloride | MFCD18074509 | N-(2-(3-(Piperazin-1-ylmethyl)imidazo[2,1-b]thiazol-6-yl)phenyl)quinoxaline-2-carboxamide xhydrochloride | N-[2-[3-(1-Piperazinylmethyl)imidazo[2,1-b]thiazol-6-yl]phenyl]-2-quinoxalinecarboxamide hydrochloride | SRT 1720 MONOHYDROCHLORIDE | N-[2-[3-(piperazin-1-ylmethyl)imidazo[2,1-b][1,3]thiazol-6-yl]phenyl]quinoxaline-2-carboxamide xhydrochloride | N-[2-[3-(Piperazin-1-ylmethyl)imidazo[2,1-b]thiazol-6-yl]phenyl]quinoxaline-2-carboxamide Hydrochloride | SRT1720xHydrochloride | SRT1720 xHydrochloride | SRT1720 xHCl"
934541-31-8,16124208,,Tak-901,"5-(3-ethylsulfonylphenyl)-3,8-dimethyl-N-(1-methylpiperidin-4-yl)-9H-pyrido[2,3-b]indole-7-carboxamide",C28H32N4O3S,504.6,,,"InChI=1S/C28H32N4O3S/c1-5-36(34,35)21-8-6-7-19(14-21)23-15-22(28(33)30-20-9-11-32(4)12-10-20)18(3)26-25(23)24-13-17(2)16-29-27(24)31-26/h6-8,13-16,20H,5,9-12H2,1-4H3,(H,29,31)(H,30,33)",WKDACQVEJIVHMZ-UHFFFAOYSA-N,4.5,104,"TAK-901 | 934541-31-8 | DM9UIR23R7 | RefChem:890311 | Aurora B Serine/Threonine Kinase Inhibitor TAK-901 | 5-(3-(ethylsulfonyl)phenyl)-3,8-dimethyl-N-(1-methylpiperidin-4-yl)-9H-pyrido[2,3-b]indole-7-carboxamide | TAK 901 | TAK901 | 5-[3-(Ethylsulfonyl)phenyl]-3,8-dimethyl-N-(1-methyl-4-piperidinyl)-9H-pyrido[2,3-b]indole-7-carboxamide | MFCD18782651 | 5-(3-ethylsulfonylphenyl)-3,8-dimethyl-N-(1-methylpiperidin-4-yl)-9H-pyrido[2,3-b]indole-7-carboxamide | UNII-DM9UIR23R7 | C28H32N4O3S | 5-[3-(ethanesulfonyl)phenyl]-3,8-dimethyl-N-(1-methylpiperidin-4-yl)-9H-pyrido[2,3-b]indole-7-carboxamide | MLS006010174 | SCHEMBL645679 | orb1700797 | CHEMBL3544932 | SCHEMBL29389353 | SCHEMBL29478939"
58880-19-6,444732,CHEBI:46024,Trichostatin A,"(2E,4E,6R)-7-[4-(dimethylamino)phenyl]-N-hydroxy-4,6-dimethyl-7-oxohepta-2,4-dienamide",C17H22N2O3,302.37,,,"InChI=1S/C17H22N2O3/c1-12(5-10-16(20)18-22)11-13(2)17(21)14-6-8-15(9-7-14)19(3)4/h5-11,13,22H,1-4H3,(H,18,20)/b10-5+,12-11+/t13-/m1/s1",RTKIYFITIVXBLE-QEQCGCAPSA-N,2.7,69.6,"trichostatin A | 58880-19-6 | DTXSID6037063 | CHEBI:46024 | 3X2S926L3Z | 2,4-Heptadienamide, 7-(4-(dimethylamino)phenyl)-N-hydroxy-4,6-dimethyl-7-oxo- | 7-(4-(Dimethylamino)phenyl)-N-hydroxy-4,6-dimethyl-7-oxo-2,4-heptadienamide | VTR297 | VTR-297 | NSC-311042 | (2E,4E,6R)-7-(4-(dimethylamino)phenyl)-N-hydroxy-4,6-dimethyl-7-oxo-2,4-heptadienamide | TSA antibioitc | 7-[4-(DIMETHYLAMINO)PHENYL]-N-HYDROXY-4,6-DIMETHYL-7-OXO-2,4-HEPTADIENAMIDE | NSC311042 | RefChem:899268 | DTXCID4017063 | (2E,4E)-7-(4-(Dimethylamino)phenyl)-N-hydroxy-4,6-dimethyl-7-oxohepta-2,4-dienamide | 611-758-2 | Trichostatin | TSA"
1310693-92-5,57336514,,Tubastatin A hydrochloride,"N-hydroxy-4-[(2-methyl-3,4-dihydro-1H-pyrido[4,3-b]indol-5-yl)methyl]benzamide;hydrochloride",C20H22ClN3O2,371.9,,,"InChI=1S/C20H21N3O2.ClH/c1-22-11-10-19-17(13-22)16-4-2-3-5-18(16)23(19)12-14-6-8-15(9-7-14)20(24)21-25;/h2-9,25H,10-13H2,1H3,(H,21,24);1H",LJTSJTWIMOGKRJ-UHFFFAOYSA-N,,57.5,"Tubastatin A hydrochloride | Tubastatin A HCl | 1310693-92-5 | Tubastatin A (Hydrochloride) | UHCM2AYJVX | MFCD20488052 | TSA HCl | N-hydroxy-4-[(2-methyl-3,4-dihydro-1H-pyrido[4,3-b]indol-5-yl)methyl]benzamide;hydrochloride | Benzamide, N-hydroxy-4-[(1,2,3,4-tetrahydro-2-methyl-5H-pyrido[4,3-b]indol-5-yl)methyl]-, hydrochloride (1:1) | N-hydroxy-4-[(1,2,3,4-tetrahydro-2-methyl-5H-pyrido[4,3-b]indol-5-yl)methyl]benzamide hydrochloride | N-hydroxy-4-((2-methyl-1,2,3,4-tetrahydro-5H-pyrido[4,3-b]indol-5-yl)methyl)benzamide hydrochloride | 4-((2-Methyl-3,4-dihydro-1H-pyrido(4,3-b)indol-5-yl)methyl)benzenecarbohydroxamic acid hydrochloride | Benzamide, N-hydroxy-4-((1,2,3,4-tetrahydro-2-methyl-5H-pyrido(4,3-b)indol-5-yl)methyl)-, hydrochloride (1:1) | N-Hydroxy-4-((2-methyl-3,4-dihydro-1H-pyrido[4,3-b]indol-5(2H)-yl)methyl)benzamide hydrochloride | N-Hydroxy-4-[[2-methyl-3,4-dihydro-1H-pyrido[4,3-b]indol-5(2H)-yl]methyl]benzamide Hydrochloride | Tubastatin A HCl? | TubastatinAhydrochloride | UNII-UHCM2AYJVX | orb1301022 | CHEMBL3770936"
1069-66-5,16760703,CHEBI:9925,Sodium Valproate,sodium 2-propylpentanoate,C8H15NaO2,166.19,,,"InChI=1S/C8H16O2.Na/c1-3-5-7(6-4-2)8(9)10;/h7H,3-6H2,1-2H3,(H,9,10);/q;+1/p-1",AEQFSUDEHCCHBT-UHFFFAOYSA-M,,40.1,"Sodium valproate | Sodium 2-propylpentanoate | 1069-66-5 | Valproate sodium | Valproic acid sodium salt | Sodium 2-propylvalerate | Orfiril | DEPACON | Valproic Acid, Sodium Salt | Selenica | 2-Propylvaleric acid sodium salt | 2-Propylpentanoic acid sodium salt | Valproic acid sodium salt (1:1) | Abbott 44090 | DTXSID5037072 | Natrii valproas | 5VOM6GYJ0D | ABBOTT-44090 | KW-6066N | NSC-732626"
149647-78-9,5311,CHEBI:45716,Vorinostat,N'-hydroxy-N-phenyloctanediamide,C14H20N2O3,264.32,,,"InChI=1S/C14H20N2O3/c17-13(15-12-8-4-3-5-9-12)10-6-1-2-7-11-14(18)16-19/h3-5,8-9,19H,1-2,6-7,10-11H2,(H,15,17)(H,16,18)",WAEXFXRVDQXREF-UHFFFAOYSA-N,1.9,78.4,"Vorinostat | 149647-78-9 | SAHA | suberoylanilide hydroxamic acid | N-hydroxy-N'-phenyloctanediamide | Zolinza | Suberanilohydroxamic acid | N1-hydroxy-N8-phenyloctanediamide | MK-0683 | MK0683 | Octanediamide, N-hydroxy-N'-phenyl- | N'-hydroxy-N-phenyloctanediamide | OCTANEDIOIC ACID HYDROXYAMIDE PHENYLAMIDE | vorinostatum | NSC-701852 | DTXSID6041133 | NSC-748799 | NSC-759852 | MK 0683 | 58IFB293JI"
331771-20-1,9914412,CHEBI:91376,4-(4-(N-benzoylamino)anilino)-6-methoxy-7-(3-(1-morpholino)propoxy)quinazoline,N-[4-[[6-methoxy-7-(3-morpholin-4-ylpropoxy)quinazolin-4-yl]amino]phenyl]benzamide,C29H31N5O4,513.6,,,"InChI=1S/C29H31N5O4/c1-36-26-18-24-25(19-27(26)38-15-5-12-34-13-16-37-17-14-34)30-20-31-28(24)32-22-8-10-23(11-9-22)33-29(35)21-6-3-2-4-7-21/h2-4,6-11,18-20H,5,12-17H2,1H3,(H,33,35)(H,30,31,32)",OGNYUTNQZVRGMN-UHFFFAOYSA-N,4.2,97.8,"RefChem:912168 | 4-(4-(n-benzoylamino)anilino)-6-methoxy-7-(3-(1-morpholino)propoxy)quinazoline | 331771-20-1 | ZM-447439 | ZM447439 | ZM 447439 | N-[4-[[6-METHOXY-7-[3-(4-MORPHOLINYL)PROPOXY]-4-QUINAZOLINYL]AMINO]PHENYL]BENZAMIDE | N-(4-((6-methoxy-7-(3-morpholinopropoxy)quinazolin-4-yl)amino)phenyl)benzamide | TCMDC-125873 | C29H31N5O4 | N-[4-({6-methoxy-7-[3-(morpholin-4-yl)propoxy]quinazolin-4-yl}amino)phenyl]benzamide | CHEMBL202721 | RSN3P9776R | N-[4-[[6-methoxy-7-(3-morpholin-4-ylpropoxy)quinazolin-4-yl]amino]phenyl]benzamide | N-[4-[[6-methoxy-7-(3-morpholinopropoxy)quinazolin-4-yl]amino]phenyl]benzamide | Benzamide, N-(4-((6-methoxy-7-(3-(4-morpholinyl)propoxy)-4-quinazolinyl)amino)phenyl)- | ZM447439 (ZM-447439) | N-(4-{[6-Methoxy-7-(3-Morpholin-4-Ylpropoxy)quinazolin-4-Yl]amino}phenyl)benzamide | UNII-RSN3P9776R | N-(4-((6-methoxy-7-(3-(4-morpholinyl)propoxy)-4-quinazolinyl)amino)phenyl)benzamide"
