s3://czi-novogene/ny-biohub-califano/NVUS2024101701-18/437190_merged_trimmer-stats.csv,/ORPROJ1/NEWSFTP/S3/ultima/437190-20260128_2158/merged_trimmer-stats.csv
s3://czi-novogene/ny-biohub-califano/NVUS2024101701-18/436620_merged_trimmer-failure_codes.csv,/ORPROJ1/NEWSFTP/S3/ultima/436620-20260128_0235/merged_trimmer-failure_codes.csv
s3://czi-novogene/ny-biohub-califano/NVUS2024101701-18/436620_merged_trimmer-stats.csv,/ORPROJ1/NEWSFTP/S3/ultima/436620-20260128_0235/merged_trimmer-stats.csv
s3://czi-novogene/ny-biohub-califano/NVUS2024101701-18/436620_run_SecondaryAnalysis.txt,/ORPROJ1/NEWSFTP/S3/ultima/436620-20260128_0235/run_SecondaryAnalysis.txt
s3://czi-novogene/ny-biohub-califano/NVUS2024101701-18/437190_run_VariantCalling.txt,/ORPROJ1/NEWSFTP/S3/ultima/437190-20260128_2158/run_VariantCalling.txt
s3://czi-novogene/ny-biohub-califano/NVUS2024101701-18/436620_UploadCompleted.json,/ORPROJ1/NEWSFTP/S3/ultima/436620-20260128_0235/UploadCompleted.json
s3://czi-novogene/ny-biohub-califano/NVUS2024101701-18/437190_UploadCompleted.json,/ORPROJ1/NEWSFTP/S3/ultima/437190-20260128_2158/UploadCompleted.json
s3://czi-novogene/ny-biohub-califano/NVUS2024101701-18/MCS116E_MCS116EF/raw/436620-MCS116E_MCS116EF_CRI-Z0039-CACAACATATCAGAT_S1_L001_R1_001.fastq.gz,/ORPROJ1/NEWSFTP/S3/ultima/436620-20260128_0235/436620-MCS116EF-Z0039-CACAACATATCAGAT/436620-MCS116EF-Z0039-CACAACATATCAGAT_S1_L001_R1_001.fastq.gz
s3://czi-novogene/ny-biohub-califano/NVUS2024101701-18/MCS116E_MCS116EF/raw/436620-MCS116E_MCS116EF_CRI-Z0039-CACAACATATCAGAT_unmatched.csv,/ORPROJ1/NEWSFTP/S3/ultima/436620-20260128_0235/436620-MCS116EF-Z0039-CACAACATATCAGAT/436620-MCS116EF-Z0039-CACAACATATCAGAT_unmatched.csv
s3://czi-novogene/ny-biohub-califano/NVUS2024101701-18/MCS116E_MCS116EF/raw/437190-MCS116E_MCS116EF_CRI-Z0039-CACAACATATCAGAT_S1_L001_R1_001.json,/ORPROJ1/NEWSFTP/S3/ultima/437190-20260128_2158/437190-MCS116EF-Z0039-CACAACATATCAGAT/437190-MCS116EF-Z0039-CACAACATATCAGAT_S1_L001_R1_001.json
s3://czi-novogene/ny-biohub-califano/NVUS2024101701-18/MCS116E_MCS116EF/raw/436620-MCS116E_MCS116EF_CRI-Z0039-CACAACATATCAGAT_unmatched.json,/ORPROJ1/NEWSFTP/S3/ultima/436620-20260128_0235/436620-MCS116EF-Z0039-CACAACATATCAGAT/436620-MCS116EF-Z0039-CACAACATATCAGAT_unmatched.json
s3://czi-novogene/ny-biohub-califano/NVUS2024101701-18/MCS116E_MCS116EF/raw/436620-MCS116E_MCS116EF_CRI-Z0039-CACAACATATCAGAT_S1_L001_R1_001.csv,/ORPROJ1/NEWSFTP/S3/ultima/436620-20260128_0235/436620-MCS116EF-Z0039-CACAACATATCAGAT/436620-MCS116EF-Z0039-CACAACATATCAGAT_S1_L001_R1_001.csv
s3://czi-novogene/ny-biohub-califano/NVUS2024101701-18/MCS116E_MCS116EF/raw/437190-MCS116E_MCS116EF_CRI-Z0039-CACAACATATCAGAT_S1_L001_R2_001.fastq.gz,/ORPROJ1/NEWSFTP/S3/ultima/437190-20260128_2158/437190-MCS116EF-Z0039-CACAACATATCAGAT/437190-MCS116EF-Z0039-CACAACATATCAGAT_S1_L001_R2_001.fastq.gz
s3://czi-novogene/ny-biohub-califano/NVUS2024101701-18/MCS116E_MCS116EF/raw/437190-MCS116E_MCS116EF_CRI-Z0039-CACAACATATCAGAT_S1_L001_R1_001.csv,/ORPROJ1/NEWSFTP/S3/ultima/437190-20260128_2158/437190-MCS116EF-Z0039-CACAACATATCAGAT/437190-MCS116EF-Z0039-CACAACATATCAGAT_S1_L001_R1_001.csv
s3://czi-novogene/ny-biohub-califano/NVUS2024101701-18/MCS116E_MCS116EF/raw/436620-MCS116E_MCS116EF_CRI-Z0039-CACAACATATCAGAT_unmatched.cram,/ORPROJ1/NEWSFTP/S3/ultima/436620-20260128_0235/436620-MCS116EF-Z0039-CACAACATATCAGAT/436620-MCS116EF-Z0039-CACAACATATCAGAT_unmatched.cram
s3://czi-novogene/ny-biohub-califano/NVUS2024101701-18/MCS116E_MCS116EF/raw/436620-MCS116E_MCS116EF_CRI-Z0039-CACAACATATCAGAT_S1_L001_R1_001.json,/ORPROJ1/NEWSFTP/S3/ultima/436620-20260128_0235/436620-MCS116EF-Z0039-CACAACATATCAGAT/436620-MCS116EF-Z0039-CACAACATATCAGAT_S1_L001_R1_001.json
s3://czi-novogene/ny-biohub-califano/NVUS2024101701-18/MCS116E_MCS116EF/raw/437190-MCS116E_MCS116EF_CRI-Z0039-CACAACATATCAGAT_unmatched.json,/ORPROJ1/NEWSFTP/S3/ultima/437190-20260128_2158/437190-MCS116EF-Z0039-CACAACATATCAGAT/437190-MCS116EF-Z0039-CACAACATATCAGAT_unmatched.json
s3://czi-novogene/ny-biohub-califano/NVUS2024101701-18/MCS116E_MCS116EF/raw/436620-MCS116E_MCS116EF_CRI-Z0039-CACAACATATCAGAT_trimmer-failure_codes.csv,/ORPROJ1/NEWSFTP/S3/ultima/436620-20260128_0235/436620-MCS116EF-Z0039-CACAACATATCAGAT/436620-MCS116EF-Z0039-CACAACATATCAGAT_trimmer-failure_codes.csv
s3://czi-novogene/ny-biohub-califano/NVUS2024101701-18/MCS116E_MCS116EF/raw/436620-MCS116E_MCS116EF_CRI-Z0039-CACAACATATCAGAT.csv,/ORPROJ1/NEWSFTP/S3/ultima/436620-20260128_0235/436620-MCS116EF-Z0039-CACAACATATCAGAT/436620-MCS116EF-Z0039-CACAACATATCAGAT.csv
s3://czi-novogene/ny-biohub-califano/NVUS2024101701-18/MCS116E_MCS116EF/raw/437190-MCS116E_MCS116EF_CRI-Z0039-CACAACATATCAGAT_trimmer-stats.csv,/ORPROJ1/NEWSFTP/S3/ultima/437190-20260128_2158/437190-MCS116EF-Z0039-CACAACATATCAGAT/437190-MCS116EF-Z0039-CACAACATATCAGAT_trimmer-stats.csv
s3://czi-novogene/ny-biohub-califano/NVUS2024101701-18/MCS116E_MCS116EF/raw/436620-MCS116E_MCS116EF_CRI-Z0039-CACAACATATCAGAT_trimmer-stats.csv,/ORPROJ1/NEWSFTP/S3/ultima/436620-20260128_0235/436620-MCS116EF-Z0039-CACAACATATCAGAT/436620-MCS116EF-Z0039-CACAACATATCAGAT_trimmer-stats.csv
s3://czi-novogene/ny-biohub-califano/NVUS2024101701-18/MCS116E_MCS116EF/raw/436620-MCS116E_MCS116EF_CRI-Z0039-CACAACATATCAGAT.json,/ORPROJ1/NEWSFTP/S3/ultima/436620-20260128_0235/436620-MCS116EF-Z0039-CACAACATATCAGAT/436620-MCS116EF-Z0039-CACAACATATCAGAT.json
s3://czi-novogene/ny-biohub-califano/NVUS2024101701-18/MCS116E_MCS116EF/raw/437190-MCS116E_MCS116EF_CRI-Z0039-CACAACATATCAGAT.csv,/ORPROJ1/NEWSFTP/S3/ultima/437190-20260128_2158/437190-MCS116EF-Z0039-CACAACATATCAGAT/437190-MCS116EF-Z0039-CACAACATATCAGAT.csv
s3://czi-novogene/ny-biohub-califano/NVUS2024101701-18/MCS116E_MCS116EF/raw/437190-MCS116E_MCS116EF_CRI-Z0039-CACAACATATCAGAT_S1_L001_R2_001.json,/ORPROJ1/NEWSFTP/S3/ultima/437190-20260128_2158/437190-MCS116EF-Z0039-CACAACATATCAGAT/437190-MCS116EF-Z0039-CACAACATATCAGAT_S1_L001_R2_001.json
s3://czi-novogene/ny-biohub-califano/NVUS2024101701-18/MCS116E_MCS116EF/raw/437190-MCS116E_MCS116EF_CRI-Z0039-CACAACATATCAGAT_unmatched.csv,/ORPROJ1/NEWSFTP/S3/ultima/437190-20260128_2158/437190-MCS116EF-Z0039-CACAACATATCAGAT/437190-MCS116EF-Z0039-CACAACATATCAGAT_unmatched.csv
s3://czi-novogene/ny-biohub-califano/NVUS2024101701-18/MCS116E_MCS116EF/raw/437190-MCS116E_MCS116EF_CRI-Z0039-CACAACATATCAGAT_S1_L001_R2_001.csv,/ORPROJ1/NEWSFTP/S3/ultima/437190-20260128_2158/437190-MCS116EF-Z0039-CACAACATATCAGAT/437190-MCS116EF-Z0039-CACAACATATCAGAT_S1_L001_R2_001.csv
s3://czi-novogene/ny-biohub-califano/NVUS2024101701-18/MCS116E_MCS116EF/raw/436620-MCS116E_MCS116EF_CRI-Z0039-CACAACATATCAGAT_S1_L001_R2_001.json,/ORPROJ1/NEWSFTP/S3/ultima/436620-20260128_0235/436620-MCS116EF-Z0039-CACAACATATCAGAT/436620-MCS116EF-Z0039-CACAACATATCAGAT_S1_L001_R2_001.json
s3://czi-novogene/ny-biohub-califano/NVUS2024101701-18/MCS116E_MCS116EF/raw/436620-MCS116E_MCS116EF_CRI-Z0039-CACAACATATCAGAT_S1_L001_R2_001.csv,/ORPROJ1/NEWSFTP/S3/ultima/436620-20260128_0235/436620-MCS116EF-Z0039-CACAACATATCAGAT/436620-MCS116EF-Z0039-CACAACATATCAGAT_S1_L001_R2_001.csv
s3://czi-novogene/ny-biohub-califano/NVUS2024101701-18/MCS116E_MCS116EF/raw/436620-MCS116E_MCS116EF_CRI-Z0039-CACAACATATCAGAT_S1_L001_R2_001.fastq.gz,/ORPROJ1/NEWSFTP/S3/ultima/436620-20260128_0235/436620-MCS116EF-Z0039-CACAACATATCAGAT/436620-MCS116EF-Z0039-CACAACATATCAGAT_S1_L001_R2_001.fastq.gz
s3://czi-novogene/ny-biohub-califano/NVUS2024101701-18/MCS116E_MCS116EF/raw/437190-MCS116E_MCS116EF_CRI-Z0039-CACAACATATCAGAT_trimmer-failure_codes.csv,/ORPROJ1/NEWSFTP/S3/ultima/437190-20260128_2158/437190-MCS116EF-Z0039-CACAACATATCAGAT/437190-MCS116EF-Z0039-CACAACATATCAGAT_trimmer-failure_codes.csv
s3://czi-novogene/ny-biohub-califano/NVUS2024101701-18/MCS116E_MCS116EF/raw/437190-MCS116E_MCS116EF_CRI-Z0039-CACAACATATCAGAT_unmatched.cram,/ORPROJ1/NEWSFTP/S3/ultima/437190-20260128_2158/437190-MCS116EF-Z0039-CACAACATATCAGAT/437190-MCS116EF-Z0039-CACAACATATCAGAT_unmatched.cram
s3://czi-novogene/ny-biohub-califano/NVUS2024101701-18/MCS116E_MCS116EF/raw/437190-MCS116E_MCS116EF_CRI-Z0039-CACAACATATCAGAT_S1_L001_R1_001.fastq.gz,/ORPROJ1/NEWSFTP/S3/ultima/437190-20260128_2158/437190-MCS116EF-Z0039-CACAACATATCAGAT/437190-MCS116EF-Z0039-CACAACATATCAGAT_S1_L001_R1_001.fastq.gz
s3://czi-novogene/ny-biohub-califano/NVUS2024101701-18/MCS116E_MCS116EF/raw/437190-MCS116E_MCS116EF_CRI-Z0039-CACAACATATCAGAT.json,/ORPROJ1/NEWSFTP/S3/ultima/437190-20260128_2158/437190-MCS116EF-Z0039-CACAACATATCAGAT/437190-MCS116EF-Z0039-CACAACATATCAGAT.json
s3://czi-novogene/ny-biohub-califano/NVUS2024101701-18/MCS116F_MCS116FF/raw/437190-MCS116F_MCS116FF_CRI-Z0040-CATCCTGCATCGCAGAT_S1_L001_R1_001.fastq.gz,/ORPROJ1/NEWSFTP/S3/ultima/437190-20260128_2158/437190-MCS116FF-Z0040-CATCCTGCATCGCAGAT/437190-MCS116FF-Z0040-CATCCTGCATCGCAGAT_S1_L001_R1_001.fastq.gz
s3://czi-novogene/ny-biohub-califano/NVUS2024101701-18/MCS116F_MCS116FF/raw/436620-MCS116F_MCS116FF_CRI-Z0040-CATCCTGCATCGCAGAT_S1_L001_R2_001.json,/ORPROJ1/NEWSFTP/S3/ultima/436620-20260128_0235/436620-MCS116FF-Z0040-CATCCTGCATCGCAGAT/436620-MCS116FF-Z0040-CATCCTGCATCGCAGAT_S1_L001_R2_001.json
s3://czi-novogene/ny-biohub-califano/NVUS2024101701-18/MCS116F_MCS116FF/raw/437190-MCS116F_MCS116FF_CRI-Z0040-CATCCTGCATCGCAGAT.json,/ORPROJ1/NEWSFTP/S3/ultima/437190-20260128_2158/437190-MCS116FF-Z0040-CATCCTGCATCGCAGAT/437190-MCS116FF-Z0040-CATCCTGCATCGCAGAT.json
s3://czi-novogene/ny-biohub-califano/NVUS2024101701-18/MCS116F_MCS116FF/raw/436620-MCS116F_MCS116FF_CRI-Z0040-CATCCTGCATCGCAGAT.csv,/ORPROJ1/NEWSFTP/S3/ultima/436620-20260128_0235/436620-MCS116FF-Z0040-CATCCTGCATCGCAGAT/436620-MCS116FF-Z0040-CATCCTGCATCGCAGAT.csv
s3://czi-novogene/ny-biohub-califano/NVUS2024101701-18/MCS116F_MCS116FF/raw/436620-MCS116F_MCS116FF_CRI-Z0040-CATCCTGCATCGCAGAT_S1_L001_R1_001.csv,/ORPROJ1/NEWSFTP/S3/ultima/436620-20260128_0235/436620-MCS116FF-Z0040-CATCCTGCATCGCAGAT/436620-MCS116FF-Z0040-CATCCTGCATCGCAGAT_S1_L001_R1_001.csv
s3://czi-novogene/ny-biohub-califano/NVUS2024101701-18/MCS116F_MCS116FF/raw/437190-MCS116F_MCS116FF_CRI-Z0040-CATCCTGCATCGCAGAT_S1_L001_R2_001.json,/ORPROJ1/NEWSFTP/S3/ultima/437190-20260128_2158/437190-MCS116FF-Z0040-CATCCTGCATCGCAGAT/437190-MCS116FF-Z0040-CATCCTGCATCGCAGAT_S1_L001_R2_001.json
s3://czi-novogene/ny-biohub-califano/NVUS2024101701-18/MCS116F_MCS116FF/raw/436620-MCS116F_MCS116FF_CRI-Z0040-CATCCTGCATCGCAGAT_unmatched.cram,/ORPROJ1/NEWSFTP/S3/ultima/436620-20260128_0235/436620-MCS116FF-Z0040-CATCCTGCATCGCAGAT/436620-MCS116FF-Z0040-CATCCTGCATCGCAGAT_unmatched.cram
s3://czi-novogene/ny-biohub-califano/NVUS2024101701-18/MCS116F_MCS116FF/raw/437190-MCS116F_MCS116FF_CRI-Z0040-CATCCTGCATCGCAGAT_unmatched.json,/ORPROJ1/NEWSFTP/S3/ultima/437190-20260128_2158/437190-MCS116FF-Z0040-CATCCTGCATCGCAGAT/437190-MCS116FF-Z0040-CATCCTGCATCGCAGAT_unmatched.json
s3://czi-novogene/ny-biohub-califano/NVUS2024101701-18/MCS116F_MCS116FF/raw/437190-MCS116F_MCS116FF_CRI-Z0040-CATCCTGCATCGCAGAT.csv,/ORPROJ1/NEWSFTP/S3/ultima/437190-20260128_2158/437190-MCS116FF-Z0040-CATCCTGCATCGCAGAT/437190-MCS116FF-Z0040-CATCCTGCATCGCAGAT.csv
s3://czi-novogene/ny-biohub-califano/NVUS2024101701-18/MCS116F_MCS116FF/raw/436620-MCS116F_MCS116FF_CRI-Z0040-CATCCTGCATCGCAGAT_trimmer-stats.csv,/ORPROJ1/NEWSFTP/S3/ultima/436620-20260128_0235/436620-MCS116FF-Z0040-CATCCTGCATCGCAGAT/436620-MCS116FF-Z0040-CATCCTGCATCGCAGAT_trimmer-stats.csv
s3://czi-novogene/ny-biohub-califano/NVUS2024101701-18/MCS116F_MCS116FF/raw/436620-MCS116F_MCS116FF_CRI-Z0040-CATCCTGCATCGCAGAT_S1_L001_R2_001.fastq.gz,/ORPROJ1/NEWSFTP/S3/ultima/436620-20260128_0235/436620-MCS116FF-Z0040-CATCCTGCATCGCAGAT/436620-MCS116FF-Z0040-CATCCTGCATCGCAGAT_S1_L001_R2_001.fastq.gz
s3://czi-novogene/ny-biohub-califano/NVUS2024101701-18/MCS116F_MCS116FF/raw/437190-MCS116F_MCS116FF_CRI-Z0040-CATCCTGCATCGCAGAT_S1_L001_R2_001.csv,/ORPROJ1/NEWSFTP/S3/ultima/437190-20260128_2158/437190-MCS116FF-Z0040-CATCCTGCATCGCAGAT/437190-MCS116FF-Z0040-CATCCTGCATCGCAGAT_S1_L001_R2_001.csv
s3://czi-novogene/ny-biohub-califano/NVUS2024101701-18/MCS116F_MCS116FF/raw/437190-MCS116F_MCS116FF_CRI-Z0040-CATCCTGCATCGCAGAT_S1_L001_R1_001.json,/ORPROJ1/NEWSFTP/S3/ultima/437190-20260128_2158/437190-MCS116FF-Z0040-CATCCTGCATCGCAGAT/437190-MCS116FF-Z0040-CATCCTGCATCGCAGAT_S1_L001_R1_001.json
s3://czi-novogene/ny-biohub-califano/NVUS2024101701-18/MCS116F_MCS116FF/raw/437190-MCS116F_MCS116FF_CRI-Z0040-CATCCTGCATCGCAGAT_S1_L001_R1_001.csv,/ORPROJ1/NEWSFTP/S3/ultima/437190-20260128_2158/437190-MCS116FF-Z0040-CATCCTGCATCGCAGAT/437190-MCS116FF-Z0040-CATCCTGCATCGCAGAT_S1_L001_R1_001.csv
s3://czi-novogene/ny-biohub-califano/NVUS2024101701-18/MCS116F_MCS116FF/raw/437190-MCS116F_MCS116FF_CRI-Z0040-CATCCTGCATCGCAGAT_S1_L001_R2_001.fastq.gz,/ORPROJ1/NEWSFTP/S3/ultima/437190-20260128_2158/437190-MCS116FF-Z0040-CATCCTGCATCGCAGAT/437190-MCS116FF-Z0040-CATCCTGCATCGCAGAT_S1_L001_R2_001.fastq.gz
s3://czi-novogene/ny-biohub-califano/NVUS2024101701-18/MCS116F_MCS116FF/raw/437190-MCS116F_MCS116FF_CRI-Z0040-CATCCTGCATCGCAGAT_trimmer-failure_codes.csv,/ORPROJ1/NEWSFTP/S3/ultima/437190-20260128_2158/437190-MCS116FF-Z0040-CATCCTGCATCGCAGAT/437190-MCS116FF-Z0040-CATCCTGCATCGCAGAT_trimmer-failure_codes.csv
s3://czi-novogene/ny-biohub-califano/NVUS2024101701-18/MCS116F_MCS116FF/raw/436620-MCS116F_MCS116FF_CRI-Z0040-CATCCTGCATCGCAGAT_S1_L001_R2_001.csv,/ORPROJ1/NEWSFTP/S3/ultima/436620-20260128_0235/436620-MCS116FF-Z0040-CATCCTGCATCGCAGAT/436620-MCS116FF-Z0040-CATCCTGCATCGCAGAT_S1_L001_R2_001.csv
s3://czi-novogene/ny-biohub-califano/NVUS2024101701-18/MCS116F_MCS116FF/raw/436620-MCS116F_MCS116FF_CRI-Z0040-CATCCTGCATCGCAGAT.json,/ORPROJ1/NEWSFTP/S3/ultima/436620-20260128_0235/436620-MCS116FF-Z0040-CATCCTGCATCGCAGAT/436620-MCS116FF-Z0040-CATCCTGCATCGCAGAT.json
s3://czi-novogene/ny-biohub-califano/NVUS2024101701-18/MCS116F_MCS116FF/raw/437190-MCS116F_MCS116FF_CRI-Z0040-CATCCTGCATCGCAGAT_unmatched.cram,/ORPROJ1/NEWSFTP/S3/ultima/437190-20260128_2158/437190-MCS116FF-Z0040-CATCCTGCATCGCAGAT/437190-MCS116FF-Z0040-CATCCTGCATCGCAGAT_unmatched.cram
s3://czi-novogene/ny-biohub-califano/NVUS2024101701-18/MCS116F_MCS116FF/raw/437190-MCS116F_MCS116FF_CRI-Z0040-CATCCTGCATCGCAGAT_unmatched.csv,/ORPROJ1/NEWSFTP/S3/ultima/437190-20260128_2158/437190-MCS116FF-Z0040-CATCCTGCATCGCAGAT/437190-MCS116FF-Z0040-CATCCTGCATCGCAGAT_unmatched.csv
s3://czi-novogene/ny-biohub-califano/NVUS2024101701-18/MCS116F_MCS116FF/raw/436620-MCS116F_MCS116FF_CRI-Z0040-CATCCTGCATCGCAGAT_trimmer-failure_codes.csv,/ORPROJ1/NEWSFTP/S3/ultima/436620-20260128_0235/436620-MCS116FF-Z0040-CATCCTGCATCGCAGAT/436620-MCS116FF-Z0040-CATCCTGCATCGCAGAT_trimmer-failure_codes.csv
s3://czi-novogene/ny-biohub-califano/NVUS2024101701-18/MCS116F_MCS116FF/raw/436620-MCS116F_MCS116FF_CRI-Z0040-CATCCTGCATCGCAGAT_S1_L001_R1_001.fastq.gz,/ORPROJ1/NEWSFTP/S3/ultima/436620-20260128_0235/436620-MCS116FF-Z0040-CATCCTGCATCGCAGAT/436620-MCS116FF-Z0040-CATCCTGCATCGCAGAT_S1_L001_R1_001.fastq.gz
s3://czi-novogene/ny-biohub-califano/NVUS2024101701-18/MCS116F_MCS116FF/raw/436620-MCS116F_MCS116FF_CRI-Z0040-CATCCTGCATCGCAGAT_unmatched.json,/ORPROJ1/NEWSFTP/S3/ultima/436620-20260128_0235/436620-MCS116FF-Z0040-CATCCTGCATCGCAGAT/436620-MCS116FF-Z0040-CATCCTGCATCGCAGAT_unmatched.json
s3://czi-novogene/ny-biohub-califano/NVUS2024101701-18/MCS116F_MCS116FF/raw/436620-MCS116F_MCS116FF_CRI-Z0040-CATCCTGCATCGCAGAT_unmatched.csv,/ORPROJ1/NEWSFTP/S3/ultima/436620-20260128_0235/436620-MCS116FF-Z0040-CATCCTGCATCGCAGAT/436620-MCS116FF-Z0040-CATCCTGCATCGCAGAT_unmatched.csv
s3://czi-novogene/ny-biohub-califano/NVUS2024101701-18/MCS116F_MCS116FF/raw/436620-MCS116F_MCS116FF_CRI-Z0040-CATCCTGCATCGCAGAT_S1_L001_R1_001.json,/ORPROJ1/NEWSFTP/S3/ultima/436620-20260128_0235/436620-MCS116FF-Z0040-CATCCTGCATCGCAGAT/436620-MCS116FF-Z0040-CATCCTGCATCGCAGAT_S1_L001_R1_001.json
s3://czi-novogene/ny-biohub-califano/NVUS2024101701-18/MCS116F_MCS116FF/raw/437190-MCS116F_MCS116FF_CRI-Z0040-CATCCTGCATCGCAGAT_trimmer-stats.csv,/ORPROJ1/NEWSFTP/S3/ultima/437190-20260128_2158/437190-MCS116FF-Z0040-CATCCTGCATCGCAGAT/437190-MCS116FF-Z0040-CATCCTGCATCGCAGAT_trimmer-stats.csv
s3://czi-novogene/ny-biohub-califano/NVUS2024101701-18/436620_LibraryInfo.xml,/ORPROJ1/NEWSFTP/S3/ultima/436620-20260128_0235/436620_LibraryInfo.xml
s3://czi-novogene/ny-biohub-califano/NVUS2024101701-18/437190_run_SecondaryAnalysis.txt,/ORPROJ1/NEWSFTP/S3/ultima/437190-20260128_2158/run_SecondaryAnalysis.txt
s3://czi-novogene/ny-biohub-califano/NVUS2024101701-18/437190_LibraryInfo.xml,/ORPROJ1/NEWSFTP/S3/ultima/437190-20260128_2158/437190_LibraryInfo.xml
s3://czi-novogene/ny-biohub-califano/NVUS2024101701-18/437190_merged_trimmer-failure_codes.csv,/ORPROJ1/NEWSFTP/S3/ultima/437190-20260128_2158/merged_trimmer-failure_codes.csv
s3://czi-novogene/ny-biohub-califano/NVUS2024101701-18/436620_run_VariantCalling.txt,/ORPROJ1/NEWSFTP/S3/ultima/436620-20260128_0235/run_VariantCalling.txt
