s3://czi-novogene/wang-tetrapod-atlas/NVUS2024101701-29/t_spl/raw/438761-t_spl_GEX-Z0058-CATCTCAGTGCAATGAT_S1_L001_R1_001.csv,/ORPROJ1/DATA1/V129/438761-20260212_1303/438761-t_spl-Z0058-CATCTCAGTGCAATGAT/438761-t_spl-Z0058-CATCTCAGTGCAATGAT_S1_L001_R1_001.csv
s3://czi-novogene/wang-tetrapod-atlas/NVUS2024101701-29/t_spl/raw/438761-t_spl_GEX-Z0058-CATCTCAGTGCAATGAT_unmatched.cram,/ORPROJ1/DATA1/V129/438761-20260212_1303/438761-t_spl-Z0058-CATCTCAGTGCAATGAT/438761-t_spl-Z0058-CATCTCAGTGCAATGAT_unmatched.cram
s3://czi-novogene/wang-tetrapod-atlas/NVUS2024101701-29/t_spl/raw/438761-t_spl_GEX-Z0058-CATCTCAGTGCAATGAT_trimmer-failure_codes.csv,/ORPROJ1/DATA1/V129/438761-20260212_1303/438761-t_spl-Z0058-CATCTCAGTGCAATGAT/438761-t_spl-Z0058-CATCTCAGTGCAATGAT_trimmer-failure_codes.csv
s3://czi-novogene/wang-tetrapod-atlas/NVUS2024101701-29/t_spl/raw/438761-t_spl_GEX-Z0058-CATCTCAGTGCAATGAT.json,/ORPROJ1/DATA1/V129/438761-20260212_1303/438761-t_spl-Z0058-CATCTCAGTGCAATGAT/438761-t_spl-Z0058-CATCTCAGTGCAATGAT.json
s3://czi-novogene/wang-tetrapod-atlas/NVUS2024101701-29/t_spl/raw/438761-t_spl_GEX-Z0058-CATCTCAGTGCAATGAT_S1_L001_R1_001.fastq.gz,/ORPROJ1/DATA1/V129/438761-20260212_1303/438761-t_spl-Z0058-CATCTCAGTGCAATGAT/438761-t_spl-Z0058-CATCTCAGTGCAATGAT_S1_L001_R1_001.fastq.gz
s3://czi-novogene/wang-tetrapod-atlas/NVUS2024101701-29/t_spl/raw/438761-t_spl_GEX-Z0058-CATCTCAGTGCAATGAT_unmatched.csv,/ORPROJ1/DATA1/V129/438761-20260212_1303/438761-t_spl-Z0058-CATCTCAGTGCAATGAT/438761-t_spl-Z0058-CATCTCAGTGCAATGAT_unmatched.csv
s3://czi-novogene/wang-tetrapod-atlas/NVUS2024101701-29/t_spl/raw/438761-t_spl_GEX-Z0058-CATCTCAGTGCAATGAT_S1_L001_R1_001.json,/ORPROJ1/DATA1/V129/438761-20260212_1303/438761-t_spl-Z0058-CATCTCAGTGCAATGAT/438761-t_spl-Z0058-CATCTCAGTGCAATGAT_S1_L001_R1_001.json
s3://czi-novogene/wang-tetrapod-atlas/NVUS2024101701-29/t_spl/raw/438761-t_spl_GEX-Z0058-CATCTCAGTGCAATGAT_trimmer-stats.csv,/ORPROJ1/DATA1/V129/438761-20260212_1303/438761-t_spl-Z0058-CATCTCAGTGCAATGAT/438761-t_spl-Z0058-CATCTCAGTGCAATGAT_trimmer-stats.csv
s3://czi-novogene/wang-tetrapod-atlas/NVUS2024101701-29/t_spl/raw/438761-t_spl_GEX-Z0058-CATCTCAGTGCAATGAT_S1_L001_R2_001.csv,/ORPROJ1/DATA1/V129/438761-20260212_1303/438761-t_spl-Z0058-CATCTCAGTGCAATGAT/438761-t_spl-Z0058-CATCTCAGTGCAATGAT_S1_L001_R2_001.csv
s3://czi-novogene/wang-tetrapod-atlas/NVUS2024101701-29/t_spl/raw/438761-t_spl_GEX-Z0058-CATCTCAGTGCAATGAT_S1_L001_R1_001_sample.fastq.gz,/ORPROJ1/DATA1/V129/438761-20260212_1303/438761-t_spl-Z0058-CATCTCAGTGCAATGAT/438761-t_spl-Z0058-CATCTCAGTGCAATGAT_S1_L001_R1_001_sample.fastq.gz
s3://czi-novogene/wang-tetrapod-atlas/NVUS2024101701-29/t_spl/raw/438761-t_spl_GEX-Z0058-CATCTCAGTGCAATGAT_S1_L001_R2_001_sample.fastq.gz,/ORPROJ1/DATA1/V129/438761-20260212_1303/438761-t_spl-Z0058-CATCTCAGTGCAATGAT/438761-t_spl-Z0058-CATCTCAGTGCAATGAT_S1_L001_R2_001_sample.fastq.gz
s3://czi-novogene/wang-tetrapod-atlas/NVUS2024101701-29/t_spl/raw/438761-t_spl_GEX-Z0058-CATCTCAGTGCAATGAT_S1_L001_R2_001.fastq.gz,/ORPROJ1/DATA1/V129/438761-20260212_1303/438761-t_spl-Z0058-CATCTCAGTGCAATGAT/438761-t_spl-Z0058-CATCTCAGTGCAATGAT_S1_L001_R2_001.fastq.gz
s3://czi-novogene/wang-tetrapod-atlas/NVUS2024101701-29/t_spl/raw/438761-t_spl_GEX-Z0058-CATCTCAGTGCAATGAT_unmatched.json,/ORPROJ1/DATA1/V129/438761-20260212_1303/438761-t_spl-Z0058-CATCTCAGTGCAATGAT/438761-t_spl-Z0058-CATCTCAGTGCAATGAT_unmatched.json
s3://czi-novogene/wang-tetrapod-atlas/NVUS2024101701-29/t_spl/raw/438761-t_spl_GEX-Z0058-CATCTCAGTGCAATGAT.csv,/ORPROJ1/DATA1/V129/438761-20260212_1303/438761-t_spl-Z0058-CATCTCAGTGCAATGAT/438761-t_spl-Z0058-CATCTCAGTGCAATGAT.csv
s3://czi-novogene/wang-tetrapod-atlas/NVUS2024101701-29/t_spl/raw/438761-t_spl_GEX-Z0058-CATCTCAGTGCAATGAT_S1_L001_R2_001.json,/ORPROJ1/DATA1/V129/438761-20260212_1303/438761-t_spl-Z0058-CATCTCAGTGCAATGAT/438761-t_spl-Z0058-CATCTCAGTGCAATGAT_S1_L001_R2_001.json
s3://czi-novogene/wang-tetrapod-atlas/NVUS2024101701-29/t_hb/raw/438761-t_hb_GEX-Z0019-CAATGCTCTGCATAGAT_S1_L001_R2_001.fastq.gz,/ORPROJ1/DATA1/V129/438761-20260212_1303/438761-t_hb-Z0019-CAATGCTCTGCATAGAT/438761-t_hb-Z0019-CAATGCTCTGCATAGAT_S1_L001_R2_001.fastq.gz
s3://czi-novogene/wang-tetrapod-atlas/NVUS2024101701-29/t_hb/raw/438761-t_hb_GEX-Z0019-CAATGCTCTGCATAGAT.json,/ORPROJ1/DATA1/V129/438761-20260212_1303/438761-t_hb-Z0019-CAATGCTCTGCATAGAT/438761-t_hb-Z0019-CAATGCTCTGCATAGAT.json
s3://czi-novogene/wang-tetrapod-atlas/NVUS2024101701-29/t_hb/raw/438761-t_hb_GEX-Z0019-CAATGCTCTGCATAGAT_S1_L001_R1_001.json,/ORPROJ1/DATA1/V129/438761-20260212_1303/438761-t_hb-Z0019-CAATGCTCTGCATAGAT/438761-t_hb-Z0019-CAATGCTCTGCATAGAT_S1_L001_R1_001.json
s3://czi-novogene/wang-tetrapod-atlas/NVUS2024101701-29/t_hb/raw/438761-t_hb_GEX-Z0019-CAATGCTCTGCATAGAT_trimmer-stats.csv,/ORPROJ1/DATA1/V129/438761-20260212_1303/438761-t_hb-Z0019-CAATGCTCTGCATAGAT/438761-t_hb-Z0019-CAATGCTCTGCATAGAT_trimmer-stats.csv
s3://czi-novogene/wang-tetrapod-atlas/NVUS2024101701-29/t_hb/raw/438761-t_hb_GEX-Z0019-CAATGCTCTGCATAGAT.csv,/ORPROJ1/DATA1/V129/438761-20260212_1303/438761-t_hb-Z0019-CAATGCTCTGCATAGAT/438761-t_hb-Z0019-CAATGCTCTGCATAGAT.csv
s3://czi-novogene/wang-tetrapod-atlas/NVUS2024101701-29/t_hb/raw/438761-t_hb_GEX-Z0019-CAATGCTCTGCATAGAT_S1_L001_R1_001.csv,/ORPROJ1/DATA1/V129/438761-20260212_1303/438761-t_hb-Z0019-CAATGCTCTGCATAGAT/438761-t_hb-Z0019-CAATGCTCTGCATAGAT_S1_L001_R1_001.csv
s3://czi-novogene/wang-tetrapod-atlas/NVUS2024101701-29/t_hb/raw/438761-t_hb_GEX-Z0019-CAATGCTCTGCATAGAT_unmatched.json,/ORPROJ1/DATA1/V129/438761-20260212_1303/438761-t_hb-Z0019-CAATGCTCTGCATAGAT/438761-t_hb-Z0019-CAATGCTCTGCATAGAT_unmatched.json
s3://czi-novogene/wang-tetrapod-atlas/NVUS2024101701-29/t_hb/raw/438761-t_hb_GEX-Z0019-CAATGCTCTGCATAGAT_S1_L001_R2_001.json,/ORPROJ1/DATA1/V129/438761-20260212_1303/438761-t_hb-Z0019-CAATGCTCTGCATAGAT/438761-t_hb-Z0019-CAATGCTCTGCATAGAT_S1_L001_R2_001.json
s3://czi-novogene/wang-tetrapod-atlas/NVUS2024101701-29/t_hb/raw/438761-t_hb_GEX-Z0019-CAATGCTCTGCATAGAT_S1_L001_R1_001_sample.fastq.gz,/ORPROJ1/DATA1/V129/438761-20260212_1303/438761-t_hb-Z0019-CAATGCTCTGCATAGAT/438761-t_hb-Z0019-CAATGCTCTGCATAGAT_S1_L001_R1_001_sample.fastq.gz
s3://czi-novogene/wang-tetrapod-atlas/NVUS2024101701-29/t_hb/raw/438761-t_hb_GEX-Z0019-CAATGCTCTGCATAGAT_S1_L001_R1_001.fastq.gz,/ORPROJ1/DATA1/V129/438761-20260212_1303/438761-t_hb-Z0019-CAATGCTCTGCATAGAT/438761-t_hb-Z0019-CAATGCTCTGCATAGAT_S1_L001_R1_001.fastq.gz
s3://czi-novogene/wang-tetrapod-atlas/NVUS2024101701-29/t_hb/raw/438761-t_hb_GEX-Z0019-CAATGCTCTGCATAGAT_unmatched.csv,/ORPROJ1/DATA1/V129/438761-20260212_1303/438761-t_hb-Z0019-CAATGCTCTGCATAGAT/438761-t_hb-Z0019-CAATGCTCTGCATAGAT_unmatched.csv
s3://czi-novogene/wang-tetrapod-atlas/NVUS2024101701-29/t_hb/raw/438761-t_hb_GEX-Z0019-CAATGCTCTGCATAGAT_unmatched.cram,/ORPROJ1/DATA1/V129/438761-20260212_1303/438761-t_hb-Z0019-CAATGCTCTGCATAGAT/438761-t_hb-Z0019-CAATGCTCTGCATAGAT_unmatched.cram
s3://czi-novogene/wang-tetrapod-atlas/NVUS2024101701-29/t_hb/raw/438761-t_hb_GEX-Z0019-CAATGCTCTGCATAGAT_S1_L001_R2_001_sample.fastq.gz,/ORPROJ1/DATA1/V129/438761-20260212_1303/438761-t_hb-Z0019-CAATGCTCTGCATAGAT/438761-t_hb-Z0019-CAATGCTCTGCATAGAT_S1_L001_R2_001_sample.fastq.gz
s3://czi-novogene/wang-tetrapod-atlas/NVUS2024101701-29/t_hb/raw/438761-t_hb_GEX-Z0019-CAATGCTCTGCATAGAT_S1_L001_R2_001.csv,/ORPROJ1/DATA1/V129/438761-20260212_1303/438761-t_hb-Z0019-CAATGCTCTGCATAGAT/438761-t_hb-Z0019-CAATGCTCTGCATAGAT_S1_L001_R2_001.csv
s3://czi-novogene/wang-tetrapod-atlas/NVUS2024101701-29/t_hb/raw/438761-t_hb_GEX-Z0019-CAATGCTCTGCATAGAT_trimmer-failure_codes.csv,/ORPROJ1/DATA1/V129/438761-20260212_1303/438761-t_hb-Z0019-CAATGCTCTGCATAGAT/438761-t_hb-Z0019-CAATGCTCTGCATAGAT_trimmer-failure_codes.csv
s3://czi-novogene/wang-tetrapod-atlas/NVUS2024101701-29/t_sh/raw/438761-t_sh_GEX-Z0090-CAATATGCACGTGAT_Log.progress.out,/ORPROJ1/DATA1/V129/438761-20260212_1303/438761-t_sh-Z0090-CAATATGCACGTGAT/438761-t_sh-Z0090-CAATATGCACGTGAT_Log.progress.out
s3://czi-novogene/wang-tetrapod-atlas/NVUS2024101701-29/t_sh/raw/438761-t_sh_GEX-Z0090-CAATATGCACGTGAT_S1_L001_R1_001.fastq.gz,/ORPROJ1/DATA1/V129/438761-20260212_1303/438761-t_sh-Z0090-CAATATGCACGTGAT/438761-t_sh-Z0090-CAATATGCACGTGAT_S1_L001_R1_001.fastq.gz
s3://czi-novogene/wang-tetrapod-atlas/NVUS2024101701-29/t_sh/raw/438761-t_sh_GEX-Z0090-CAATATGCACGTGAT_Log.out,/ORPROJ1/DATA1/V129/438761-20260212_1303/438761-t_sh-Z0090-CAATATGCACGTGAT/438761-t_sh-Z0090-CAATATGCACGTGAT_Log.out
s3://czi-novogene/wang-tetrapod-atlas/NVUS2024101701-29/t_sh/raw/438761-t_sh_GEX-Z0090-CAATATGCACGTGAT_trimmer-failure_codes.csv,/ORPROJ1/DATA1/V129/438761-20260212_1303/438761-t_sh-Z0090-CAATATGCACGTGAT/438761-t_sh-Z0090-CAATATGCACGTGAT_trimmer-failure_codes.csv
s3://czi-novogene/wang-tetrapod-atlas/NVUS2024101701-29/t_sh/raw/438761-t_sh_GEX-Z0090-CAATATGCACGTGAT_S1_L001_R2_001_sample.fastq.gz,/ORPROJ1/DATA1/V129/438761-20260212_1303/438761-t_sh-Z0090-CAATATGCACGTGAT/438761-t_sh-Z0090-CAATATGCACGTGAT_S1_L001_R2_001_sample.fastq.gz
s3://czi-novogene/wang-tetrapod-atlas/NVUS2024101701-29/t_sh/raw/438761-t_sh_GEX-Z0090-CAATATGCACGTGAT_S1_L001_R1_001.csv,/ORPROJ1/DATA1/V129/438761-20260212_1303/438761-t_sh-Z0090-CAATATGCACGTGAT/438761-t_sh-Z0090-CAATATGCACGTGAT_S1_L001_R1_001.csv
s3://czi-novogene/wang-tetrapod-atlas/NVUS2024101701-29/t_sh/raw/438761-t_sh_GEX-Z0090-CAATATGCACGTGAT_S1_L001_R2_001.csv,/ORPROJ1/DATA1/V129/438761-20260212_1303/438761-t_sh-Z0090-CAATATGCACGTGAT/438761-t_sh-Z0090-CAATATGCACGTGAT_S1_L001_R2_001.csv
s3://czi-novogene/wang-tetrapod-atlas/NVUS2024101701-29/t_sh/raw/438761-t_sh_GEX-Z0090-CAATATGCACGTGAT.scRNA.applicationQC.h5,/ORPROJ1/DATA1/V129/438761-20260212_1303/438761-t_sh-Z0090-CAATATGCACGTGAT/438761-t_sh-Z0090-CAATATGCACGTGAT.scRNA.applicationQC.h5
s3://czi-novogene/wang-tetrapod-atlas/NVUS2024101701-29/t_sh/raw/438761-t_sh_GEX-Z0090-CAATATGCACGTGAT_SJ.out.tab,/ORPROJ1/DATA1/V129/438761-20260212_1303/438761-t_sh-Z0090-CAATATGCACGTGAT/438761-t_sh-Z0090-CAATATGCACGTGAT_SJ.out.tab
s3://czi-novogene/wang-tetrapod-atlas/NVUS2024101701-29/t_sh/raw/438761-t_sh_GEX-Z0090-CAATATGCACGTGAT_Log.final.out,/ORPROJ1/DATA1/V129/438761-20260212_1303/438761-t_sh-Z0090-CAATATGCACGTGAT/438761-t_sh-Z0090-CAATATGCACGTGAT_Log.final.out
s3://czi-novogene/wang-tetrapod-atlas/NVUS2024101701-29/t_sh/raw/438761-t_sh_GEX-Z0090-CAATATGCACGTGAT_S1_L001_R1_001_sample.fastq.gz,/ORPROJ1/DATA1/V129/438761-20260212_1303/438761-t_sh-Z0090-CAATATGCACGTGAT/438761-t_sh-Z0090-CAATATGCACGTGAT_S1_L001_R1_001_sample.fastq.gz
s3://czi-novogene/wang-tetrapod-atlas/NVUS2024101701-29/t_sh/raw/438761-t_sh_GEX-Z0090-CAATATGCACGTGAT_S1_L001_R1_001.json,/ORPROJ1/DATA1/V129/438761-20260212_1303/438761-t_sh-Z0090-CAATATGCACGTGAT/438761-t_sh-Z0090-CAATATGCACGTGAT_S1_L001_R1_001.json
s3://czi-novogene/wang-tetrapod-atlas/NVUS2024101701-29/t_sh/raw/438761-t_sh_GEX-Z0090-CAATATGCACGTGAT_unmatched.csv,/ORPROJ1/DATA1/V129/438761-20260212_1303/438761-t_sh-Z0090-CAATATGCACGTGAT/438761-t_sh-Z0090-CAATATGCACGTGAT_unmatched.csv
s3://czi-novogene/wang-tetrapod-atlas/NVUS2024101701-29/t_sh/raw/438761-t_sh_GEX-Z0090-CAATATGCACGTGAT_trimmer-stats.csv,/ORPROJ1/DATA1/V129/438761-20260212_1303/438761-t_sh-Z0090-CAATATGCACGTGAT/438761-t_sh-Z0090-CAATATGCACGTGAT_trimmer-stats.csv
s3://czi-novogene/wang-tetrapod-atlas/NVUS2024101701-29/t_sh/raw/438761-t_sh_GEX-Z0090-CAATATGCACGTGAT_ReadsPerGene.out.tab,/ORPROJ1/DATA1/V129/438761-20260212_1303/438761-t_sh-Z0090-CAATATGCACGTGAT/438761-t_sh-Z0090-CAATATGCACGTGAT_ReadsPerGene.out.tab
s3://czi-novogene/wang-tetrapod-atlas/NVUS2024101701-29/t_sh/raw/438761-t_sh_GEX-Z0090-CAATATGCACGTGAT.json,/ORPROJ1/DATA1/V129/438761-20260212_1303/438761-t_sh-Z0090-CAATATGCACGTGAT/438761-t_sh-Z0090-CAATATGCACGTGAT.json
s3://czi-novogene/wang-tetrapod-atlas/NVUS2024101701-29/t_sh/raw/438761-t_sh_GEX-Z0090-CAATATGCACGTGAT.csv,/ORPROJ1/DATA1/V129/438761-20260212_1303/438761-t_sh-Z0090-CAATATGCACGTGAT/438761-t_sh-Z0090-CAATATGCACGTGAT.csv
s3://czi-novogene/wang-tetrapod-atlas/NVUS2024101701-29/t_sh/raw/438761-t_sh_GEX-Z0090-CAATATGCACGTGAT_S1_L001_R2_001.json,/ORPROJ1/DATA1/V129/438761-20260212_1303/438761-t_sh-Z0090-CAATATGCACGTGAT/438761-t_sh-Z0090-CAATATGCACGTGAT_S1_L001_R2_001.json
s3://czi-novogene/wang-tetrapod-atlas/NVUS2024101701-29/t_sh/raw/438761-t_sh_GEX-Z0090-CAATATGCACGTGAT_S1_L001_R2_001.fastq.gz,/ORPROJ1/DATA1/V129/438761-20260212_1303/438761-t_sh-Z0090-CAATATGCACGTGAT/438761-t_sh-Z0090-CAATATGCACGTGAT_S1_L001_R2_001.fastq.gz
s3://czi-novogene/wang-tetrapod-atlas/NVUS2024101701-29/t_sh/raw/438761-t_sh_GEX-Z0090-CAATATGCACGTGAT.scRNA.applicationQC.html,/ORPROJ1/DATA1/V129/438761-20260212_1303/438761-t_sh-Z0090-CAATATGCACGTGAT/438761-t_sh-Z0090-CAATATGCACGTGAT.scRNA.applicationQC.html
s3://czi-novogene/wang-tetrapod-atlas/NVUS2024101701-29/t_sh/raw/438761-t_sh_GEX-Z0090-CAATATGCACGTGAT_unmatched.cram,/ORPROJ1/DATA1/V129/438761-20260212_1303/438761-t_sh-Z0090-CAATATGCACGTGAT/438761-t_sh-Z0090-CAATATGCACGTGAT_unmatched.cram
s3://czi-novogene/wang-tetrapod-atlas/NVUS2024101701-29/t_sh/raw/438761-t_sh_GEX-Z0090-CAATATGCACGTGAT_unmatched.json,/ORPROJ1/DATA1/V129/438761-20260212_1303/438761-t_sh-Z0090-CAATATGCACGTGAT/438761-t_sh-Z0090-CAATATGCACGTGAT_unmatched.json
s3://czi-novogene/wang-tetrapod-atlas/NVUS2024101701-29/t_fb/raw/438761-t_fb_GEX-Z0003-CATCACACATGAATGAT.json,/ORPROJ1/DATA1/V129/438761-20260212_1303/438761-t_fb-Z0003-CATCACACATGAATGAT/438761-t_fb-Z0003-CATCACACATGAATGAT.json
s3://czi-novogene/wang-tetrapod-atlas/NVUS2024101701-29/t_fb/raw/438761-t_fb_GEX-Z0003-CATCACACATGAATGAT_trimmer-failure_codes.csv,/ORPROJ1/DATA1/V129/438761-20260212_1303/438761-t_fb-Z0003-CATCACACATGAATGAT/438761-t_fb-Z0003-CATCACACATGAATGAT_trimmer-failure_codes.csv
s3://czi-novogene/wang-tetrapod-atlas/NVUS2024101701-29/t_fb/raw/438761-t_fb_GEX-Z0003-CATCACACATGAATGAT_S1_L001_R1_001_sample.fastq.gz,/ORPROJ1/DATA1/V129/438761-20260212_1303/438761-t_fb-Z0003-CATCACACATGAATGAT/438761-t_fb-Z0003-CATCACACATGAATGAT_S1_L001_R1_001_sample.fastq.gz
s3://czi-novogene/wang-tetrapod-atlas/NVUS2024101701-29/t_fb/raw/438761-t_fb_GEX-Z0003-CATCACACATGAATGAT_S1_L001_R2_001.json,/ORPROJ1/DATA1/V129/438761-20260212_1303/438761-t_fb-Z0003-CATCACACATGAATGAT/438761-t_fb-Z0003-CATCACACATGAATGAT_S1_L001_R2_001.json
s3://czi-novogene/wang-tetrapod-atlas/NVUS2024101701-29/t_fb/raw/438761-t_fb_GEX-Z0003-CATCACACATGAATGAT_trimmer-stats.csv,/ORPROJ1/DATA1/V129/438761-20260212_1303/438761-t_fb-Z0003-CATCACACATGAATGAT/438761-t_fb-Z0003-CATCACACATGAATGAT_trimmer-stats.csv
s3://czi-novogene/wang-tetrapod-atlas/NVUS2024101701-29/t_fb/raw/438761-t_fb_GEX-Z0003-CATCACACATGAATGAT_S1_L001_R1_001.json,/ORPROJ1/DATA1/V129/438761-20260212_1303/438761-t_fb-Z0003-CATCACACATGAATGAT/438761-t_fb-Z0003-CATCACACATGAATGAT_S1_L001_R1_001.json
s3://czi-novogene/wang-tetrapod-atlas/NVUS2024101701-29/t_fb/raw/438761-t_fb_GEX-Z0003-CATCACACATGAATGAT_S1_L001_R2_001.csv,/ORPROJ1/DATA1/V129/438761-20260212_1303/438761-t_fb-Z0003-CATCACACATGAATGAT/438761-t_fb-Z0003-CATCACACATGAATGAT_S1_L001_R2_001.csv
s3://czi-novogene/wang-tetrapod-atlas/NVUS2024101701-29/t_fb/raw/438761-t_fb_GEX-Z0003-CATCACACATGAATGAT_unmatched.csv,/ORPROJ1/DATA1/V129/438761-20260212_1303/438761-t_fb-Z0003-CATCACACATGAATGAT/438761-t_fb-Z0003-CATCACACATGAATGAT_unmatched.csv
s3://czi-novogene/wang-tetrapod-atlas/NVUS2024101701-29/t_fb/raw/438761-t_fb_GEX-Z0003-CATCACACATGAATGAT.csv,/ORPROJ1/DATA1/V129/438761-20260212_1303/438761-t_fb-Z0003-CATCACACATGAATGAT/438761-t_fb-Z0003-CATCACACATGAATGAT.csv
s3://czi-novogene/wang-tetrapod-atlas/NVUS2024101701-29/t_fb/raw/438761-t_fb_GEX-Z0003-CATCACACATGAATGAT_S1_L001_R1_001.fastq.gz,/ORPROJ1/DATA1/V129/438761-20260212_1303/438761-t_fb-Z0003-CATCACACATGAATGAT/438761-t_fb-Z0003-CATCACACATGAATGAT_S1_L001_R1_001.fastq.gz
s3://czi-novogene/wang-tetrapod-atlas/NVUS2024101701-29/t_fb/raw/438761-t_fb_GEX-Z0003-CATCACACATGAATGAT_unmatched.cram,/ORPROJ1/DATA1/V129/438761-20260212_1303/438761-t_fb-Z0003-CATCACACATGAATGAT/438761-t_fb-Z0003-CATCACACATGAATGAT_unmatched.cram
s3://czi-novogene/wang-tetrapod-atlas/NVUS2024101701-29/t_fb/raw/438761-t_fb_GEX-Z0003-CATCACACATGAATGAT_S1_L001_R2_001_sample.fastq.gz,/ORPROJ1/DATA1/V129/438761-20260212_1303/438761-t_fb-Z0003-CATCACACATGAATGAT/438761-t_fb-Z0003-CATCACACATGAATGAT_S1_L001_R2_001_sample.fastq.gz
s3://czi-novogene/wang-tetrapod-atlas/NVUS2024101701-29/t_fb/raw/438761-t_fb_GEX-Z0003-CATCACACATGAATGAT_unmatched.json,/ORPROJ1/DATA1/V129/438761-20260212_1303/438761-t_fb-Z0003-CATCACACATGAATGAT/438761-t_fb-Z0003-CATCACACATGAATGAT_unmatched.json
s3://czi-novogene/wang-tetrapod-atlas/NVUS2024101701-29/t_fb/raw/438761-t_fb_GEX-Z0003-CATCACACATGAATGAT_S1_L001_R2_001.fastq.gz,/ORPROJ1/DATA1/V129/438761-20260212_1303/438761-t_fb-Z0003-CATCACACATGAATGAT/438761-t_fb-Z0003-CATCACACATGAATGAT_S1_L001_R2_001.fastq.gz
s3://czi-novogene/wang-tetrapod-atlas/NVUS2024101701-29/t_fb/raw/438761-t_fb_GEX-Z0003-CATCACACATGAATGAT_S1_L001_R1_001.csv,/ORPROJ1/DATA1/V129/438761-20260212_1303/438761-t_fb-Z0003-CATCACACATGAATGAT/438761-t_fb-Z0003-CATCACACATGAATGAT_S1_L001_R1_001.csv
s3://czi-novogene/wang-tetrapod-atlas/NVUS2024101701-29/438761_merged_trimmer-stats.csv,/ORPROJ1/DATA1/V129/438761-20260212_1303/merged_trimmer-stats.csv
s3://czi-novogene/wang-tetrapod-atlas/NVUS2024101701-29/t_kd/raw/438761-t_kd_GEX-Z0027-CACTGTCAGCCAGAT_S1_L001_R2_001.json,/ORPROJ1/DATA1/V129/438761-20260212_1303/438761-t_kd-Z0027-CACTGTCAGCCAGAT/438761-t_kd-Z0027-CACTGTCAGCCAGAT_S1_L001_R2_001.json
s3://czi-novogene/wang-tetrapod-atlas/NVUS2024101701-29/t_kd/raw/438761-t_kd_GEX-Z0027-CACTGTCAGCCAGAT_S1_L001_R1_001.csv,/ORPROJ1/DATA1/V129/438761-20260212_1303/438761-t_kd-Z0027-CACTGTCAGCCAGAT/438761-t_kd-Z0027-CACTGTCAGCCAGAT_S1_L001_R1_001.csv
s3://czi-novogene/wang-tetrapod-atlas/NVUS2024101701-29/t_kd/raw/438761-t_kd_GEX-Z0027-CACTGTCAGCCAGAT.json,/ORPROJ1/DATA1/V129/438761-20260212_1303/438761-t_kd-Z0027-CACTGTCAGCCAGAT/438761-t_kd-Z0027-CACTGTCAGCCAGAT.json
s3://czi-novogene/wang-tetrapod-atlas/NVUS2024101701-29/t_kd/raw/438761-t_kd_GEX-Z0027-CACTGTCAGCCAGAT.csv,/ORPROJ1/DATA1/V129/438761-20260212_1303/438761-t_kd-Z0027-CACTGTCAGCCAGAT/438761-t_kd-Z0027-CACTGTCAGCCAGAT.csv
s3://czi-novogene/wang-tetrapod-atlas/NVUS2024101701-29/t_kd/raw/438761-t_kd_GEX-Z0027-CACTGTCAGCCAGAT_trimmer-stats.csv,/ORPROJ1/DATA1/V129/438761-20260212_1303/438761-t_kd-Z0027-CACTGTCAGCCAGAT/438761-t_kd-Z0027-CACTGTCAGCCAGAT_trimmer-stats.csv
s3://czi-novogene/wang-tetrapod-atlas/NVUS2024101701-29/t_kd/raw/438761-t_kd_GEX-Z0027-CACTGTCAGCCAGAT_unmatched.csv,/ORPROJ1/DATA1/V129/438761-20260212_1303/438761-t_kd-Z0027-CACTGTCAGCCAGAT/438761-t_kd-Z0027-CACTGTCAGCCAGAT_unmatched.csv
s3://czi-novogene/wang-tetrapod-atlas/NVUS2024101701-29/t_kd/raw/438761-t_kd_GEX-Z0027-CACTGTCAGCCAGAT_S1_L001_R1_001_sample.fastq.gz,/ORPROJ1/DATA1/V129/438761-20260212_1303/438761-t_kd-Z0027-CACTGTCAGCCAGAT/438761-t_kd-Z0027-CACTGTCAGCCAGAT_S1_L001_R1_001_sample.fastq.gz
s3://czi-novogene/wang-tetrapod-atlas/NVUS2024101701-29/t_kd/raw/438761-t_kd_GEX-Z0027-CACTGTCAGCCAGAT_S1_L001_R2_001.csv,/ORPROJ1/DATA1/V129/438761-20260212_1303/438761-t_kd-Z0027-CACTGTCAGCCAGAT/438761-t_kd-Z0027-CACTGTCAGCCAGAT_S1_L001_R2_001.csv
s3://czi-novogene/wang-tetrapod-atlas/NVUS2024101701-29/t_kd/raw/438761-t_kd_GEX-Z0027-CACTGTCAGCCAGAT_unmatched.cram,/ORPROJ1/DATA1/V129/438761-20260212_1303/438761-t_kd-Z0027-CACTGTCAGCCAGAT/438761-t_kd-Z0027-CACTGTCAGCCAGAT_unmatched.cram
s3://czi-novogene/wang-tetrapod-atlas/NVUS2024101701-29/t_kd/raw/438761-t_kd_GEX-Z0027-CACTGTCAGCCAGAT_S1_L001_R2_001_sample.fastq.gz,/ORPROJ1/DATA1/V129/438761-20260212_1303/438761-t_kd-Z0027-CACTGTCAGCCAGAT/438761-t_kd-Z0027-CACTGTCAGCCAGAT_S1_L001_R2_001_sample.fastq.gz
s3://czi-novogene/wang-tetrapod-atlas/NVUS2024101701-29/t_kd/raw/438761-t_kd_GEX-Z0027-CACTGTCAGCCAGAT_trimmer-failure_codes.csv,/ORPROJ1/DATA1/V129/438761-20260212_1303/438761-t_kd-Z0027-CACTGTCAGCCAGAT/438761-t_kd-Z0027-CACTGTCAGCCAGAT_trimmer-failure_codes.csv
s3://czi-novogene/wang-tetrapod-atlas/NVUS2024101701-29/t_kd/raw/438761-t_kd_GEX-Z0027-CACTGTCAGCCAGAT_unmatched.json,/ORPROJ1/DATA1/V129/438761-20260212_1303/438761-t_kd-Z0027-CACTGTCAGCCAGAT/438761-t_kd-Z0027-CACTGTCAGCCAGAT_unmatched.json
s3://czi-novogene/wang-tetrapod-atlas/NVUS2024101701-29/t_kd/raw/438761-t_kd_GEX-Z0027-CACTGTCAGCCAGAT_S1_L001_R1_001.json,/ORPROJ1/DATA1/V129/438761-20260212_1303/438761-t_kd-Z0027-CACTGTCAGCCAGAT/438761-t_kd-Z0027-CACTGTCAGCCAGAT_S1_L001_R1_001.json
s3://czi-novogene/wang-tetrapod-atlas/NVUS2024101701-29/t_kd/raw/438761-t_kd_GEX-Z0027-CACTGTCAGCCAGAT_S1_L001_R2_001.fastq.gz,/ORPROJ1/DATA1/V129/438761-20260212_1303/438761-t_kd-Z0027-CACTGTCAGCCAGAT/438761-t_kd-Z0027-CACTGTCAGCCAGAT_S1_L001_R2_001.fastq.gz
s3://czi-novogene/wang-tetrapod-atlas/NVUS2024101701-29/t_kd/raw/438761-t_kd_GEX-Z0027-CACTGTCAGCCAGAT_S1_L001_R1_001.fastq.gz,/ORPROJ1/DATA1/V129/438761-20260212_1303/438761-t_kd-Z0027-CACTGTCAGCCAGAT/438761-t_kd-Z0027-CACTGTCAGCCAGAT_S1_L001_R1_001.fastq.gz
s3://czi-novogene/wang-tetrapod-atlas/NVUS2024101701-29/t_mb/raw/438761-t_mb_GEX-Z0011-CACGCACTGCCAGAT_unmatched.cram,/ORPROJ1/DATA1/V129/438761-20260212_1303/438761-t_mb-Z0011-CACGCACTGCCAGAT/438761-t_mb-Z0011-CACGCACTGCCAGAT_unmatched.cram
s3://czi-novogene/wang-tetrapod-atlas/NVUS2024101701-29/t_mb/raw/438761-t_mb_GEX-Z0011-CACGCACTGCCAGAT.csv,/ORPROJ1/DATA1/V129/438761-20260212_1303/438761-t_mb-Z0011-CACGCACTGCCAGAT/438761-t_mb-Z0011-CACGCACTGCCAGAT.csv
s3://czi-novogene/wang-tetrapod-atlas/NVUS2024101701-29/t_mb/raw/438761-t_mb_GEX-Z0011-CACGCACTGCCAGAT_S1_L001_R1_001.json,/ORPROJ1/DATA1/V129/438761-20260212_1303/438761-t_mb-Z0011-CACGCACTGCCAGAT/438761-t_mb-Z0011-CACGCACTGCCAGAT_S1_L001_R1_001.json
s3://czi-novogene/wang-tetrapod-atlas/NVUS2024101701-29/t_mb/raw/438761-t_mb_GEX-Z0011-CACGCACTGCCAGAT_unmatched.csv,/ORPROJ1/DATA1/V129/438761-20260212_1303/438761-t_mb-Z0011-CACGCACTGCCAGAT/438761-t_mb-Z0011-CACGCACTGCCAGAT_unmatched.csv
s3://czi-novogene/wang-tetrapod-atlas/NVUS2024101701-29/t_mb/raw/438761-t_mb_GEX-Z0011-CACGCACTGCCAGAT_S1_L001_R2_001.json,/ORPROJ1/DATA1/V129/438761-20260212_1303/438761-t_mb-Z0011-CACGCACTGCCAGAT/438761-t_mb-Z0011-CACGCACTGCCAGAT_S1_L001_R2_001.json
s3://czi-novogene/wang-tetrapod-atlas/NVUS2024101701-29/t_mb/raw/438761-t_mb_GEX-Z0011-CACGCACTGCCAGAT_S1_L001_R1_001_sample.fastq.gz,/ORPROJ1/DATA1/V129/438761-20260212_1303/438761-t_mb-Z0011-CACGCACTGCCAGAT/438761-t_mb-Z0011-CACGCACTGCCAGAT_S1_L001_R1_001_sample.fastq.gz
s3://czi-novogene/wang-tetrapod-atlas/NVUS2024101701-29/t_mb/raw/438761-t_mb_GEX-Z0011-CACGCACTGCCAGAT_S1_L001_R2_001.csv,/ORPROJ1/DATA1/V129/438761-20260212_1303/438761-t_mb-Z0011-CACGCACTGCCAGAT/438761-t_mb-Z0011-CACGCACTGCCAGAT_S1_L001_R2_001.csv
s3://czi-novogene/wang-tetrapod-atlas/NVUS2024101701-29/t_mb/raw/438761-t_mb_GEX-Z0011-CACGCACTGCCAGAT_S1_L001_R1_001.csv,/ORPROJ1/DATA1/V129/438761-20260212_1303/438761-t_mb-Z0011-CACGCACTGCCAGAT/438761-t_mb-Z0011-CACGCACTGCCAGAT_S1_L001_R1_001.csv
s3://czi-novogene/wang-tetrapod-atlas/NVUS2024101701-29/t_mb/raw/438761-t_mb_GEX-Z0011-CACGCACTGCCAGAT_trimmer-stats.csv,/ORPROJ1/DATA1/V129/438761-20260212_1303/438761-t_mb-Z0011-CACGCACTGCCAGAT/438761-t_mb-Z0011-CACGCACTGCCAGAT_trimmer-stats.csv
s3://czi-novogene/wang-tetrapod-atlas/NVUS2024101701-29/t_mb/raw/438761-t_mb_GEX-Z0011-CACGCACTGCCAGAT_unmatched.json,/ORPROJ1/DATA1/V129/438761-20260212_1303/438761-t_mb-Z0011-CACGCACTGCCAGAT/438761-t_mb-Z0011-CACGCACTGCCAGAT_unmatched.json
s3://czi-novogene/wang-tetrapod-atlas/NVUS2024101701-29/t_mb/raw/438761-t_mb_GEX-Z0011-CACGCACTGCCAGAT.json,/ORPROJ1/DATA1/V129/438761-20260212_1303/438761-t_mb-Z0011-CACGCACTGCCAGAT/438761-t_mb-Z0011-CACGCACTGCCAGAT.json
s3://czi-novogene/wang-tetrapod-atlas/NVUS2024101701-29/t_mb/raw/438761-t_mb_GEX-Z0011-CACGCACTGCCAGAT_trimmer-failure_codes.csv,/ORPROJ1/DATA1/V129/438761-20260212_1303/438761-t_mb-Z0011-CACGCACTGCCAGAT/438761-t_mb-Z0011-CACGCACTGCCAGAT_trimmer-failure_codes.csv
s3://czi-novogene/wang-tetrapod-atlas/NVUS2024101701-29/t_mb/raw/438761-t_mb_GEX-Z0011-CACGCACTGCCAGAT_S1_L001_R2_001.fastq.gz,/ORPROJ1/DATA1/V129/438761-20260212_1303/438761-t_mb-Z0011-CACGCACTGCCAGAT/438761-t_mb-Z0011-CACGCACTGCCAGAT_S1_L001_R2_001.fastq.gz
s3://czi-novogene/wang-tetrapod-atlas/NVUS2024101701-29/t_mb/raw/438761-t_mb_GEX-Z0011-CACGCACTGCCAGAT_S1_L001_R2_001_sample.fastq.gz,/ORPROJ1/DATA1/V129/438761-20260212_1303/438761-t_mb-Z0011-CACGCACTGCCAGAT/438761-t_mb-Z0011-CACGCACTGCCAGAT_S1_L001_R2_001_sample.fastq.gz
s3://czi-novogene/wang-tetrapod-atlas/NVUS2024101701-29/t_mb/raw/438761-t_mb_GEX-Z0011-CACGCACTGCCAGAT_S1_L001_R1_001.fastq.gz,/ORPROJ1/DATA1/V129/438761-20260212_1303/438761-t_mb-Z0011-CACGCACTGCCAGAT/438761-t_mb-Z0011-CACGCACTGCCAGAT_S1_L001_R1_001.fastq.gz
s3://czi-novogene/wang-tetrapod-atlas/NVUS2024101701-29/t_pc/raw/438761-t_pc_GEX-Z0074-CTATGAATGAGCGAT_S1_L001_R2_001.csv,/ORPROJ1/DATA1/V129/438761-20260212_1303/438761-t_pc-Z0074-CTATGAATGAGCGAT/438761-t_pc-Z0074-CTATGAATGAGCGAT_S1_L001_R2_001.csv
s3://czi-novogene/wang-tetrapod-atlas/NVUS2024101701-29/t_pc/raw/438761-t_pc_GEX-Z0074-CTATGAATGAGCGAT.scRNA.applicationQC.h5,/ORPROJ1/DATA1/V129/438761-20260212_1303/438761-t_pc-Z0074-CTATGAATGAGCGAT/438761-t_pc-Z0074-CTATGAATGAGCGAT.scRNA.applicationQC.h5
s3://czi-novogene/wang-tetrapod-atlas/NVUS2024101701-29/t_pc/raw/438761-t_pc_GEX-Z0074-CTATGAATGAGCGAT_S1_L001_R2_001.fastq.gz,/ORPROJ1/DATA1/V129/438761-20260212_1303/438761-t_pc-Z0074-CTATGAATGAGCGAT/438761-t_pc-Z0074-CTATGAATGAGCGAT_S1_L001_R2_001.fastq.gz
s3://czi-novogene/wang-tetrapod-atlas/NVUS2024101701-29/t_pc/raw/438761-t_pc_GEX-Z0074-CTATGAATGAGCGAT_unmatched.json,/ORPROJ1/DATA1/V129/438761-20260212_1303/438761-t_pc-Z0074-CTATGAATGAGCGAT/438761-t_pc-Z0074-CTATGAATGAGCGAT_unmatched.json
s3://czi-novogene/wang-tetrapod-atlas/NVUS2024101701-29/t_pc/raw/438761-t_pc_GEX-Z0074-CTATGAATGAGCGAT_S1_L001_R2_001_sample.fastq.gz,/ORPROJ1/DATA1/V129/438761-20260212_1303/438761-t_pc-Z0074-CTATGAATGAGCGAT/438761-t_pc-Z0074-CTATGAATGAGCGAT_S1_L001_R2_001_sample.fastq.gz
s3://czi-novogene/wang-tetrapod-atlas/NVUS2024101701-29/t_pc/raw/438761-t_pc_GEX-Z0074-CTATGAATGAGCGAT_unmatched.csv,/ORPROJ1/DATA1/V129/438761-20260212_1303/438761-t_pc-Z0074-CTATGAATGAGCGAT/438761-t_pc-Z0074-CTATGAATGAGCGAT_unmatched.csv
s3://czi-novogene/wang-tetrapod-atlas/NVUS2024101701-29/t_pc/raw/438761-t_pc_GEX-Z0074-CTATGAATGAGCGAT_trimmer-failure_codes.csv,/ORPROJ1/DATA1/V129/438761-20260212_1303/438761-t_pc-Z0074-CTATGAATGAGCGAT/438761-t_pc-Z0074-CTATGAATGAGCGAT_trimmer-failure_codes.csv
s3://czi-novogene/wang-tetrapod-atlas/NVUS2024101701-29/t_pc/raw/438761-t_pc_GEX-Z0074-CTATGAATGAGCGAT_SJ.out.tab,/ORPROJ1/DATA1/V129/438761-20260212_1303/438761-t_pc-Z0074-CTATGAATGAGCGAT/438761-t_pc-Z0074-CTATGAATGAGCGAT_SJ.out.tab
s3://czi-novogene/wang-tetrapod-atlas/NVUS2024101701-29/t_pc/raw/438761-t_pc_GEX-Z0074-CTATGAATGAGCGAT_S1_L001_R1_001_sample.fastq.gz,/ORPROJ1/DATA1/V129/438761-20260212_1303/438761-t_pc-Z0074-CTATGAATGAGCGAT/438761-t_pc-Z0074-CTATGAATGAGCGAT_S1_L001_R1_001_sample.fastq.gz
s3://czi-novogene/wang-tetrapod-atlas/NVUS2024101701-29/t_pc/raw/438761-t_pc_GEX-Z0074-CTATGAATGAGCGAT.csv,/ORPROJ1/DATA1/V129/438761-20260212_1303/438761-t_pc-Z0074-CTATGAATGAGCGAT/438761-t_pc-Z0074-CTATGAATGAGCGAT.csv
s3://czi-novogene/wang-tetrapod-atlas/NVUS2024101701-29/t_pc/raw/438761-t_pc_GEX-Z0074-CTATGAATGAGCGAT_trimmer-stats.csv,/ORPROJ1/DATA1/V129/438761-20260212_1303/438761-t_pc-Z0074-CTATGAATGAGCGAT/438761-t_pc-Z0074-CTATGAATGAGCGAT_trimmer-stats.csv
s3://czi-novogene/wang-tetrapod-atlas/NVUS2024101701-29/t_pc/raw/438761-t_pc_GEX-Z0074-CTATGAATGAGCGAT_S1_L001_R1_001.fastq.gz,/ORPROJ1/DATA1/V129/438761-20260212_1303/438761-t_pc-Z0074-CTATGAATGAGCGAT/438761-t_pc-Z0074-CTATGAATGAGCGAT_S1_L001_R1_001.fastq.gz
s3://czi-novogene/wang-tetrapod-atlas/NVUS2024101701-29/t_pc/raw/438761-t_pc_GEX-Z0074-CTATGAATGAGCGAT_Log.progress.out,/ORPROJ1/DATA1/V129/438761-20260212_1303/438761-t_pc-Z0074-CTATGAATGAGCGAT/438761-t_pc-Z0074-CTATGAATGAGCGAT_Log.progress.out
s3://czi-novogene/wang-tetrapod-atlas/NVUS2024101701-29/t_pc/raw/438761-t_pc_GEX-Z0074-CTATGAATGAGCGAT_Log.final.out,/ORPROJ1/DATA1/V129/438761-20260212_1303/438761-t_pc-Z0074-CTATGAATGAGCGAT/438761-t_pc-Z0074-CTATGAATGAGCGAT_Log.final.out
s3://czi-novogene/wang-tetrapod-atlas/NVUS2024101701-29/t_pc/raw/438761-t_pc_GEX-Z0074-CTATGAATGAGCGAT_S1_L001_R2_001.json,/ORPROJ1/DATA1/V129/438761-20260212_1303/438761-t_pc-Z0074-CTATGAATGAGCGAT/438761-t_pc-Z0074-CTATGAATGAGCGAT_S1_L001_R2_001.json
s3://czi-novogene/wang-tetrapod-atlas/NVUS2024101701-29/t_pc/raw/438761-t_pc_GEX-Z0074-CTATGAATGAGCGAT_S1_L001_R1_001.csv,/ORPROJ1/DATA1/V129/438761-20260212_1303/438761-t_pc-Z0074-CTATGAATGAGCGAT/438761-t_pc-Z0074-CTATGAATGAGCGAT_S1_L001_R1_001.csv
s3://czi-novogene/wang-tetrapod-atlas/NVUS2024101701-29/t_pc/raw/438761-t_pc_GEX-Z0074-CTATGAATGAGCGAT.json,/ORPROJ1/DATA1/V129/438761-20260212_1303/438761-t_pc-Z0074-CTATGAATGAGCGAT/438761-t_pc-Z0074-CTATGAATGAGCGAT.json
s3://czi-novogene/wang-tetrapod-atlas/NVUS2024101701-29/t_pc/raw/438761-t_pc_GEX-Z0074-CTATGAATGAGCGAT.scRNA.applicationQC.html,/ORPROJ1/DATA1/V129/438761-20260212_1303/438761-t_pc-Z0074-CTATGAATGAGCGAT/438761-t_pc-Z0074-CTATGAATGAGCGAT.scRNA.applicationQC.html
s3://czi-novogene/wang-tetrapod-atlas/NVUS2024101701-29/t_pc/raw/438761-t_pc_GEX-Z0074-CTATGAATGAGCGAT_unmatched.cram,/ORPROJ1/DATA1/V129/438761-20260212_1303/438761-t_pc-Z0074-CTATGAATGAGCGAT/438761-t_pc-Z0074-CTATGAATGAGCGAT_unmatched.cram
s3://czi-novogene/wang-tetrapod-atlas/NVUS2024101701-29/t_pc/raw/438761-t_pc_GEX-Z0074-CTATGAATGAGCGAT_S1_L001_R1_001.json,/ORPROJ1/DATA1/V129/438761-20260212_1303/438761-t_pc-Z0074-CTATGAATGAGCGAT/438761-t_pc-Z0074-CTATGAATGAGCGAT_S1_L001_R1_001.json
s3://czi-novogene/wang-tetrapod-atlas/NVUS2024101701-29/t_pc/raw/438761-t_pc_GEX-Z0074-CTATGAATGAGCGAT_Log.out,/ORPROJ1/DATA1/V129/438761-20260212_1303/438761-t_pc-Z0074-CTATGAATGAGCGAT/438761-t_pc-Z0074-CTATGAATGAGCGAT_Log.out
s3://czi-novogene/wang-tetrapod-atlas/NVUS2024101701-29/t_pc/raw/438761-t_pc_GEX-Z0074-CTATGAATGAGCGAT_ReadsPerGene.out.tab,/ORPROJ1/DATA1/V129/438761-20260212_1303/438761-t_pc-Z0074-CTATGAATGAGCGAT/438761-t_pc-Z0074-CTATGAATGAGCGAT_ReadsPerGene.out.tab
s3://czi-novogene/wang-tetrapod-atlas/NVUS2024101701-29/t_sm/raw/438761-t_sm_GEX-Z0066-CAATGCACTCGAGAT_S1_L001_R1_001.fastq.gz,/ORPROJ1/DATA1/V129/438761-20260212_1303/438761-t_sm-Z0066-CAATGCACTCGAGAT/438761-t_sm-Z0066-CAATGCACTCGAGAT_S1_L001_R1_001.fastq.gz
s3://czi-novogene/wang-tetrapod-atlas/NVUS2024101701-29/t_sm/raw/438761-t_sm_GEX-Z0066-CAATGCACTCGAGAT_S1_L001_R1_001.csv,/ORPROJ1/DATA1/V129/438761-20260212_1303/438761-t_sm-Z0066-CAATGCACTCGAGAT/438761-t_sm-Z0066-CAATGCACTCGAGAT_S1_L001_R1_001.csv
s3://czi-novogene/wang-tetrapod-atlas/NVUS2024101701-29/t_sm/raw/438761-t_sm_GEX-Z0066-CAATGCACTCGAGAT_S1_L001_R2_001.fastq.gz,/ORPROJ1/DATA1/V129/438761-20260212_1303/438761-t_sm-Z0066-CAATGCACTCGAGAT/438761-t_sm-Z0066-CAATGCACTCGAGAT_S1_L001_R2_001.fastq.gz
s3://czi-novogene/wang-tetrapod-atlas/NVUS2024101701-29/t_sm/raw/438761-t_sm_GEX-Z0066-CAATGCACTCGAGAT_trimmer-failure_codes.csv,/ORPROJ1/DATA1/V129/438761-20260212_1303/438761-t_sm-Z0066-CAATGCACTCGAGAT/438761-t_sm-Z0066-CAATGCACTCGAGAT_trimmer-failure_codes.csv
s3://czi-novogene/wang-tetrapod-atlas/NVUS2024101701-29/t_sm/raw/438761-t_sm_GEX-Z0066-CAATGCACTCGAGAT_trimmer-stats.csv,/ORPROJ1/DATA1/V129/438761-20260212_1303/438761-t_sm-Z0066-CAATGCACTCGAGAT/438761-t_sm-Z0066-CAATGCACTCGAGAT_trimmer-stats.csv
s3://czi-novogene/wang-tetrapod-atlas/NVUS2024101701-29/t_sm/raw/438761-t_sm_GEX-Z0066-CAATGCACTCGAGAT_S1_L001_R2_001.csv,/ORPROJ1/DATA1/V129/438761-20260212_1303/438761-t_sm-Z0066-CAATGCACTCGAGAT/438761-t_sm-Z0066-CAATGCACTCGAGAT_S1_L001_R2_001.csv
s3://czi-novogene/wang-tetrapod-atlas/NVUS2024101701-29/t_sm/raw/438761-t_sm_GEX-Z0066-CAATGCACTCGAGAT_S1_L001_R2_001.json,/ORPROJ1/DATA1/V129/438761-20260212_1303/438761-t_sm-Z0066-CAATGCACTCGAGAT/438761-t_sm-Z0066-CAATGCACTCGAGAT_S1_L001_R2_001.json
s3://czi-novogene/wang-tetrapod-atlas/NVUS2024101701-29/t_sm/raw/438761-t_sm_GEX-Z0066-CAATGCACTCGAGAT.json,/ORPROJ1/DATA1/V129/438761-20260212_1303/438761-t_sm-Z0066-CAATGCACTCGAGAT/438761-t_sm-Z0066-CAATGCACTCGAGAT.json
s3://czi-novogene/wang-tetrapod-atlas/NVUS2024101701-29/t_sm/raw/438761-t_sm_GEX-Z0066-CAATGCACTCGAGAT_S1_L001_R1_001.json,/ORPROJ1/DATA1/V129/438761-20260212_1303/438761-t_sm-Z0066-CAATGCACTCGAGAT/438761-t_sm-Z0066-CAATGCACTCGAGAT_S1_L001_R1_001.json
s3://czi-novogene/wang-tetrapod-atlas/NVUS2024101701-29/t_sm/raw/438761-t_sm_GEX-Z0066-CAATGCACTCGAGAT_S1_L001_R2_001_sample.fastq.gz,/ORPROJ1/DATA1/V129/438761-20260212_1303/438761-t_sm-Z0066-CAATGCACTCGAGAT/438761-t_sm-Z0066-CAATGCACTCGAGAT_S1_L001_R2_001_sample.fastq.gz
s3://czi-novogene/wang-tetrapod-atlas/NVUS2024101701-29/t_sm/raw/438761-t_sm_GEX-Z0066-CAATGCACTCGAGAT_unmatched.cram,/ORPROJ1/DATA1/V129/438761-20260212_1303/438761-t_sm-Z0066-CAATGCACTCGAGAT/438761-t_sm-Z0066-CAATGCACTCGAGAT_unmatched.cram
s3://czi-novogene/wang-tetrapod-atlas/NVUS2024101701-29/t_sm/raw/438761-t_sm_GEX-Z0066-CAATGCACTCGAGAT.csv,/ORPROJ1/DATA1/V129/438761-20260212_1303/438761-t_sm-Z0066-CAATGCACTCGAGAT/438761-t_sm-Z0066-CAATGCACTCGAGAT.csv
s3://czi-novogene/wang-tetrapod-atlas/NVUS2024101701-29/t_sm/raw/438761-t_sm_GEX-Z0066-CAATGCACTCGAGAT_unmatched.csv,/ORPROJ1/DATA1/V129/438761-20260212_1303/438761-t_sm-Z0066-CAATGCACTCGAGAT/438761-t_sm-Z0066-CAATGCACTCGAGAT_unmatched.csv
s3://czi-novogene/wang-tetrapod-atlas/NVUS2024101701-29/t_sm/raw/438761-t_sm_GEX-Z0066-CAATGCACTCGAGAT_unmatched.json,/ORPROJ1/DATA1/V129/438761-20260212_1303/438761-t_sm-Z0066-CAATGCACTCGAGAT/438761-t_sm-Z0066-CAATGCACTCGAGAT_unmatched.json
s3://czi-novogene/wang-tetrapod-atlas/NVUS2024101701-29/t_sm/raw/438761-t_sm_GEX-Z0066-CAATGCACTCGAGAT_S1_L001_R1_001_sample.fastq.gz,/ORPROJ1/DATA1/V129/438761-20260212_1303/438761-t_sm-Z0066-CAATGCACTCGAGAT/438761-t_sm-Z0066-CAATGCACTCGAGAT_S1_L001_R1_001_sample.fastq.gz
s3://czi-novogene/wang-tetrapod-atlas/NVUS2024101701-29/438761_run_VariantCalling.txt,/ORPROJ1/DATA1/V129/438761-20260212_1303/run_VariantCalling.txt
s3://czi-novogene/wang-tetrapod-atlas/NVUS2024101701-29/438761_UploadCompleted.json,/ORPROJ1/DATA1/V129/438761-20260212_1303/UploadCompleted.json
s3://czi-novogene/wang-tetrapod-atlas/NVUS2024101701-29/t_eye/raw/438761-t_eye_GEX-Z0043-CTCAATGCATCAGCGAT_unmatched.cram,/ORPROJ1/DATA1/V129/438761-20260212_1303/438761-t_eye-Z0043-CTCAATGCATCAGCGAT/438761-t_eye-Z0043-CTCAATGCATCAGCGAT_unmatched.cram
s3://czi-novogene/wang-tetrapod-atlas/NVUS2024101701-29/t_eye/raw/438761-t_eye_GEX-Z0043-CTCAATGCATCAGCGAT_S1_L001_R1_001_sample.fastq.gz,/ORPROJ1/DATA1/V129/438761-20260212_1303/438761-t_eye-Z0043-CTCAATGCATCAGCGAT/438761-t_eye-Z0043-CTCAATGCATCAGCGAT_S1_L001_R1_001_sample.fastq.gz
s3://czi-novogene/wang-tetrapod-atlas/NVUS2024101701-29/t_eye/raw/438761-t_eye_GEX-Z0043-CTCAATGCATCAGCGAT_S1_L001_R1_001.csv,/ORPROJ1/DATA1/V129/438761-20260212_1303/438761-t_eye-Z0043-CTCAATGCATCAGCGAT/438761-t_eye-Z0043-CTCAATGCATCAGCGAT_S1_L001_R1_001.csv
s3://czi-novogene/wang-tetrapod-atlas/NVUS2024101701-29/t_eye/raw/438761-t_eye_GEX-Z0043-CTCAATGCATCAGCGAT_S1_L001_R1_001.fastq.gz,/ORPROJ1/DATA1/V129/438761-20260212_1303/438761-t_eye-Z0043-CTCAATGCATCAGCGAT/438761-t_eye-Z0043-CTCAATGCATCAGCGAT_S1_L001_R1_001.fastq.gz
s3://czi-novogene/wang-tetrapod-atlas/NVUS2024101701-29/t_eye/raw/438761-t_eye_GEX-Z0043-CTCAATGCATCAGCGAT_S1_L001_R1_001.json,/ORPROJ1/DATA1/V129/438761-20260212_1303/438761-t_eye-Z0043-CTCAATGCATCAGCGAT/438761-t_eye-Z0043-CTCAATGCATCAGCGAT_S1_L001_R1_001.json
s3://czi-novogene/wang-tetrapod-atlas/NVUS2024101701-29/t_eye/raw/438761-t_eye_GEX-Z0043-CTCAATGCATCAGCGAT_S1_L001_R2_001.csv,/ORPROJ1/DATA1/V129/438761-20260212_1303/438761-t_eye-Z0043-CTCAATGCATCAGCGAT/438761-t_eye-Z0043-CTCAATGCATCAGCGAT_S1_L001_R2_001.csv
s3://czi-novogene/wang-tetrapod-atlas/NVUS2024101701-29/t_eye/raw/438761-t_eye_GEX-Z0043-CTCAATGCATCAGCGAT_S1_L001_R2_001_sample.fastq.gz,/ORPROJ1/DATA1/V129/438761-20260212_1303/438761-t_eye-Z0043-CTCAATGCATCAGCGAT/438761-t_eye-Z0043-CTCAATGCATCAGCGAT_S1_L001_R2_001_sample.fastq.gz
s3://czi-novogene/wang-tetrapod-atlas/NVUS2024101701-29/t_eye/raw/438761-t_eye_GEX-Z0043-CTCAATGCATCAGCGAT_unmatched.csv,/ORPROJ1/DATA1/V129/438761-20260212_1303/438761-t_eye-Z0043-CTCAATGCATCAGCGAT/438761-t_eye-Z0043-CTCAATGCATCAGCGAT_unmatched.csv
s3://czi-novogene/wang-tetrapod-atlas/NVUS2024101701-29/t_eye/raw/438761-t_eye_GEX-Z0043-CTCAATGCATCAGCGAT.csv,/ORPROJ1/DATA1/V129/438761-20260212_1303/438761-t_eye-Z0043-CTCAATGCATCAGCGAT/438761-t_eye-Z0043-CTCAATGCATCAGCGAT.csv
s3://czi-novogene/wang-tetrapod-atlas/NVUS2024101701-29/t_eye/raw/438761-t_eye_GEX-Z0043-CTCAATGCATCAGCGAT_trimmer-stats.csv,/ORPROJ1/DATA1/V129/438761-20260212_1303/438761-t_eye-Z0043-CTCAATGCATCAGCGAT/438761-t_eye-Z0043-CTCAATGCATCAGCGAT_trimmer-stats.csv
s3://czi-novogene/wang-tetrapod-atlas/NVUS2024101701-29/t_eye/raw/438761-t_eye_GEX-Z0043-CTCAATGCATCAGCGAT_S1_L001_R2_001.fastq.gz,/ORPROJ1/DATA1/V129/438761-20260212_1303/438761-t_eye-Z0043-CTCAATGCATCAGCGAT/438761-t_eye-Z0043-CTCAATGCATCAGCGAT_S1_L001_R2_001.fastq.gz
s3://czi-novogene/wang-tetrapod-atlas/NVUS2024101701-29/t_eye/raw/438761-t_eye_GEX-Z0043-CTCAATGCATCAGCGAT_S1_L001_R2_001.json,/ORPROJ1/DATA1/V129/438761-20260212_1303/438761-t_eye-Z0043-CTCAATGCATCAGCGAT/438761-t_eye-Z0043-CTCAATGCATCAGCGAT_S1_L001_R2_001.json
s3://czi-novogene/wang-tetrapod-atlas/NVUS2024101701-29/t_eye/raw/438761-t_eye_GEX-Z0043-CTCAATGCATCAGCGAT_unmatched.json,/ORPROJ1/DATA1/V129/438761-20260212_1303/438761-t_eye-Z0043-CTCAATGCATCAGCGAT/438761-t_eye-Z0043-CTCAATGCATCAGCGAT_unmatched.json
s3://czi-novogene/wang-tetrapod-atlas/NVUS2024101701-29/t_eye/raw/438761-t_eye_GEX-Z0043-CTCAATGCATCAGCGAT.json,/ORPROJ1/DATA1/V129/438761-20260212_1303/438761-t_eye-Z0043-CTCAATGCATCAGCGAT/438761-t_eye-Z0043-CTCAATGCATCAGCGAT.json
s3://czi-novogene/wang-tetrapod-atlas/NVUS2024101701-29/t_eye/raw/438761-t_eye_GEX-Z0043-CTCAATGCATCAGCGAT_trimmer-failure_codes.csv,/ORPROJ1/DATA1/V129/438761-20260212_1303/438761-t_eye-Z0043-CTCAATGCATCAGCGAT/438761-t_eye-Z0043-CTCAATGCATCAGCGAT_trimmer-failure_codes.csv
s3://czi-novogene/wang-tetrapod-atlas/NVUS2024101701-29/t_int/raw/438761-t_int_GEX-Z0035-CTGAATGATCTCGAT_S1_L001_R2_001_sample.fastq.gz,/ORPROJ1/DATA1/V129/438761-20260212_1303/438761-t_int-Z0035-CTGAATGATCTCGAT/438761-t_int-Z0035-CTGAATGATCTCGAT_S1_L001_R2_001_sample.fastq.gz
s3://czi-novogene/wang-tetrapod-atlas/NVUS2024101701-29/t_int/raw/438761-t_int_GEX-Z0035-CTGAATGATCTCGAT_S1_L001_R1_001.json,/ORPROJ1/DATA1/V129/438761-20260212_1303/438761-t_int-Z0035-CTGAATGATCTCGAT/438761-t_int-Z0035-CTGAATGATCTCGAT_S1_L001_R1_001.json
s3://czi-novogene/wang-tetrapod-atlas/NVUS2024101701-29/t_int/raw/438761-t_int_GEX-Z0035-CTGAATGATCTCGAT_S1_L001_R2_001.json,/ORPROJ1/DATA1/V129/438761-20260212_1303/438761-t_int-Z0035-CTGAATGATCTCGAT/438761-t_int-Z0035-CTGAATGATCTCGAT_S1_L001_R2_001.json
s3://czi-novogene/wang-tetrapod-atlas/NVUS2024101701-29/t_int/raw/438761-t_int_GEX-Z0035-CTGAATGATCTCGAT_trimmer-stats.csv,/ORPROJ1/DATA1/V129/438761-20260212_1303/438761-t_int-Z0035-CTGAATGATCTCGAT/438761-t_int-Z0035-CTGAATGATCTCGAT_trimmer-stats.csv
s3://czi-novogene/wang-tetrapod-atlas/NVUS2024101701-29/t_int/raw/438761-t_int_GEX-Z0035-CTGAATGATCTCGAT_S1_L001_R2_001.fastq.gz,/ORPROJ1/DATA1/V129/438761-20260212_1303/438761-t_int-Z0035-CTGAATGATCTCGAT/438761-t_int-Z0035-CTGAATGATCTCGAT_S1_L001_R2_001.fastq.gz
s3://czi-novogene/wang-tetrapod-atlas/NVUS2024101701-29/t_int/raw/438761-t_int_GEX-Z0035-CTGAATGATCTCGAT_unmatched.json,/ORPROJ1/DATA1/V129/438761-20260212_1303/438761-t_int-Z0035-CTGAATGATCTCGAT/438761-t_int-Z0035-CTGAATGATCTCGAT_unmatched.json
s3://czi-novogene/wang-tetrapod-atlas/NVUS2024101701-29/t_int/raw/438761-t_int_GEX-Z0035-CTGAATGATCTCGAT_S1_L001_R1_001_sample.fastq.gz,/ORPROJ1/DATA1/V129/438761-20260212_1303/438761-t_int-Z0035-CTGAATGATCTCGAT/438761-t_int-Z0035-CTGAATGATCTCGAT_S1_L001_R1_001_sample.fastq.gz
s3://czi-novogene/wang-tetrapod-atlas/NVUS2024101701-29/t_int/raw/438761-t_int_GEX-Z0035-CTGAATGATCTCGAT_unmatched.cram,/ORPROJ1/DATA1/V129/438761-20260212_1303/438761-t_int-Z0035-CTGAATGATCTCGAT/438761-t_int-Z0035-CTGAATGATCTCGAT_unmatched.cram
s3://czi-novogene/wang-tetrapod-atlas/NVUS2024101701-29/t_int/raw/438761-t_int_GEX-Z0035-CTGAATGATCTCGAT_S1_L001_R1_001.fastq.gz,/ORPROJ1/DATA1/V129/438761-20260212_1303/438761-t_int-Z0035-CTGAATGATCTCGAT/438761-t_int-Z0035-CTGAATGATCTCGAT_S1_L001_R1_001.fastq.gz
s3://czi-novogene/wang-tetrapod-atlas/NVUS2024101701-29/t_int/raw/438761-t_int_GEX-Z0035-CTGAATGATCTCGAT_trimmer-failure_codes.csv,/ORPROJ1/DATA1/V129/438761-20260212_1303/438761-t_int-Z0035-CTGAATGATCTCGAT/438761-t_int-Z0035-CTGAATGATCTCGAT_trimmer-failure_codes.csv
s3://czi-novogene/wang-tetrapod-atlas/NVUS2024101701-29/t_int/raw/438761-t_int_GEX-Z0035-CTGAATGATCTCGAT_unmatched.csv,/ORPROJ1/DATA1/V129/438761-20260212_1303/438761-t_int-Z0035-CTGAATGATCTCGAT/438761-t_int-Z0035-CTGAATGATCTCGAT_unmatched.csv
s3://czi-novogene/wang-tetrapod-atlas/NVUS2024101701-29/t_int/raw/438761-t_int_GEX-Z0035-CTGAATGATCTCGAT.csv,/ORPROJ1/DATA1/V129/438761-20260212_1303/438761-t_int-Z0035-CTGAATGATCTCGAT/438761-t_int-Z0035-CTGAATGATCTCGAT.csv
s3://czi-novogene/wang-tetrapod-atlas/NVUS2024101701-29/t_int/raw/438761-t_int_GEX-Z0035-CTGAATGATCTCGAT_S1_L001_R2_001.csv,/ORPROJ1/DATA1/V129/438761-20260212_1303/438761-t_int-Z0035-CTGAATGATCTCGAT/438761-t_int-Z0035-CTGAATGATCTCGAT_S1_L001_R2_001.csv
s3://czi-novogene/wang-tetrapod-atlas/NVUS2024101701-29/t_int/raw/438761-t_int_GEX-Z0035-CTGAATGATCTCGAT.json,/ORPROJ1/DATA1/V129/438761-20260212_1303/438761-t_int-Z0035-CTGAATGATCTCGAT/438761-t_int-Z0035-CTGAATGATCTCGAT.json
s3://czi-novogene/wang-tetrapod-atlas/NVUS2024101701-29/t_int/raw/438761-t_int_GEX-Z0035-CTGAATGATCTCGAT_S1_L001_R1_001.csv,/ORPROJ1/DATA1/V129/438761-20260212_1303/438761-t_int-Z0035-CTGAATGATCTCGAT/438761-t_int-Z0035-CTGAATGATCTCGAT_S1_L001_R1_001.csv
s3://czi-novogene/wang-tetrapod-atlas/NVUS2024101701-29/438761_run_SecondaryAnalysis.txt,/ORPROJ1/DATA1/V129/438761-20260212_1303/run_SecondaryAnalysis.txt
s3://czi-novogene/wang-tetrapod-atlas/NVUS2024101701-29/438761_LibraryInfo.xml,/ORPROJ1/DATA1/V129/438761-20260212_1303/438761_LibraryInfo.xml
s3://czi-novogene/wang-tetrapod-atlas/NVUS2024101701-29/t_lv/raw/438761-t_lv_GEX-Z0082-CTCTGCTGTGCAATGAT_S1_L001_R1_001_sample.fastq.gz,/ORPROJ1/DATA1/V129/438761-20260212_1303/438761-t_lv-Z0082-CTCTGCTGTGCAATGAT/438761-t_lv-Z0082-CTCTGCTGTGCAATGAT_S1_L001_R1_001_sample.fastq.gz
s3://czi-novogene/wang-tetrapod-atlas/NVUS2024101701-29/t_lv/raw/438761-t_lv_GEX-Z0082-CTCTGCTGTGCAATGAT_trimmer-failure_codes.csv,/ORPROJ1/DATA1/V129/438761-20260212_1303/438761-t_lv-Z0082-CTCTGCTGTGCAATGAT/438761-t_lv-Z0082-CTCTGCTGTGCAATGAT_trimmer-failure_codes.csv
s3://czi-novogene/wang-tetrapod-atlas/NVUS2024101701-29/t_lv/raw/438761-t_lv_GEX-Z0082-CTCTGCTGTGCAATGAT.json,/ORPROJ1/DATA1/V129/438761-20260212_1303/438761-t_lv-Z0082-CTCTGCTGTGCAATGAT/438761-t_lv-Z0082-CTCTGCTGTGCAATGAT.json
s3://czi-novogene/wang-tetrapod-atlas/NVUS2024101701-29/t_lv/raw/438761-t_lv_GEX-Z0082-CTCTGCTGTGCAATGAT_S1_L001_R2_001.json,/ORPROJ1/DATA1/V129/438761-20260212_1303/438761-t_lv-Z0082-CTCTGCTGTGCAATGAT/438761-t_lv-Z0082-CTCTGCTGTGCAATGAT_S1_L001_R2_001.json
s3://czi-novogene/wang-tetrapod-atlas/NVUS2024101701-29/t_lv/raw/438761-t_lv_GEX-Z0082-CTCTGCTGTGCAATGAT_S1_L001_R1_001.fastq.gz,/ORPROJ1/DATA1/V129/438761-20260212_1303/438761-t_lv-Z0082-CTCTGCTGTGCAATGAT/438761-t_lv-Z0082-CTCTGCTGTGCAATGAT_S1_L001_R1_001.fastq.gz
s3://czi-novogene/wang-tetrapod-atlas/NVUS2024101701-29/t_lv/raw/438761-t_lv_GEX-Z0082-CTCTGCTGTGCAATGAT_unmatched.json,/ORPROJ1/DATA1/V129/438761-20260212_1303/438761-t_lv-Z0082-CTCTGCTGTGCAATGAT/438761-t_lv-Z0082-CTCTGCTGTGCAATGAT_unmatched.json
s3://czi-novogene/wang-tetrapod-atlas/NVUS2024101701-29/t_lv/raw/438761-t_lv_GEX-Z0082-CTCTGCTGTGCAATGAT_S1_L001_R1_001.json,/ORPROJ1/DATA1/V129/438761-20260212_1303/438761-t_lv-Z0082-CTCTGCTGTGCAATGAT/438761-t_lv-Z0082-CTCTGCTGTGCAATGAT_S1_L001_R1_001.json
s3://czi-novogene/wang-tetrapod-atlas/NVUS2024101701-29/t_lv/raw/438761-t_lv_GEX-Z0082-CTCTGCTGTGCAATGAT.csv,/ORPROJ1/DATA1/V129/438761-20260212_1303/438761-t_lv-Z0082-CTCTGCTGTGCAATGAT/438761-t_lv-Z0082-CTCTGCTGTGCAATGAT.csv
s3://czi-novogene/wang-tetrapod-atlas/NVUS2024101701-29/t_lv/raw/438761-t_lv_GEX-Z0082-CTCTGCTGTGCAATGAT_S1_L001_R2_001.csv,/ORPROJ1/DATA1/V129/438761-20260212_1303/438761-t_lv-Z0082-CTCTGCTGTGCAATGAT/438761-t_lv-Z0082-CTCTGCTGTGCAATGAT_S1_L001_R2_001.csv
s3://czi-novogene/wang-tetrapod-atlas/NVUS2024101701-29/t_lv/raw/438761-t_lv_GEX-Z0082-CTCTGCTGTGCAATGAT_S1_L001_R2_001_sample.fastq.gz,/ORPROJ1/DATA1/V129/438761-20260212_1303/438761-t_lv-Z0082-CTCTGCTGTGCAATGAT/438761-t_lv-Z0082-CTCTGCTGTGCAATGAT_S1_L001_R2_001_sample.fastq.gz
s3://czi-novogene/wang-tetrapod-atlas/NVUS2024101701-29/t_lv/raw/438761-t_lv_GEX-Z0082-CTCTGCTGTGCAATGAT_unmatched.csv,/ORPROJ1/DATA1/V129/438761-20260212_1303/438761-t_lv-Z0082-CTCTGCTGTGCAATGAT/438761-t_lv-Z0082-CTCTGCTGTGCAATGAT_unmatched.csv
s3://czi-novogene/wang-tetrapod-atlas/NVUS2024101701-29/t_lv/raw/438761-t_lv_GEX-Z0082-CTCTGCTGTGCAATGAT_unmatched.cram,/ORPROJ1/DATA1/V129/438761-20260212_1303/438761-t_lv-Z0082-CTCTGCTGTGCAATGAT/438761-t_lv-Z0082-CTCTGCTGTGCAATGAT_unmatched.cram
s3://czi-novogene/wang-tetrapod-atlas/NVUS2024101701-29/t_lv/raw/438761-t_lv_GEX-Z0082-CTCTGCTGTGCAATGAT_S1_L001_R2_001.fastq.gz,/ORPROJ1/DATA1/V129/438761-20260212_1303/438761-t_lv-Z0082-CTCTGCTGTGCAATGAT/438761-t_lv-Z0082-CTCTGCTGTGCAATGAT_S1_L001_R2_001.fastq.gz
s3://czi-novogene/wang-tetrapod-atlas/NVUS2024101701-29/t_lv/raw/438761-t_lv_GEX-Z0082-CTCTGCTGTGCAATGAT_S1_L001_R1_001.csv,/ORPROJ1/DATA1/V129/438761-20260212_1303/438761-t_lv-Z0082-CTCTGCTGTGCAATGAT/438761-t_lv-Z0082-CTCTGCTGTGCAATGAT_S1_L001_R1_001.csv
s3://czi-novogene/wang-tetrapod-atlas/NVUS2024101701-29/t_lv/raw/438761-t_lv_GEX-Z0082-CTCTGCTGTGCAATGAT_trimmer-stats.csv,/ORPROJ1/DATA1/V129/438761-20260212_1303/438761-t_lv-Z0082-CTCTGCTGTGCAATGAT/438761-t_lv-Z0082-CTCTGCTGTGCAATGAT_trimmer-stats.csv
s3://czi-novogene/wang-tetrapod-atlas/NVUS2024101701-29/438761_merged_trimmer-failure_codes.csv,/ORPROJ1/DATA1/V129/438761-20260212_1303/merged_trimmer-failure_codes.csv
